2026-06-26 00:02:47.566: [INFO][Sync] Reset engine, reason: 8
2026-06-26 00:02:47.566: [INFO][Sync] Stopped: Bookmarks
2026-06-26 00:02:47.566: [INFO][Sync] Stopped: Preferences
2026-06-26 00:02:47.566: [INFO][Sync] Stopped: Passwords
2026-06-26 00:02:47.566: [INFO][Sync] Stopped: Autofill Profiles
2026-06-26 00:02:47.566: [INFO][Sync] Stopped: Autofill
2026-06-26 00:02:47.566: [INFO][Sync] Stopped: Extensions
2026-06-26 00:02:47.566: [INFO][Sync] Stopped: Sessions
2026-06-26 00:02:47.566: [INFO][Sync] Stopped: Extension settings
2026-06-26 00:02:47.566: [INFO][Sync] Stopped: History Delete Directives
2026-06-26 00:02:47.566: [INFO][Sync] Stopped: Device Info
2026-06-26 00:02:47.566: [INFO][Sync] Stopped: User Consents
2026-06-26 00:02:47.566: [INFO][Sync] Stopped: Send Tab To Self
2026-06-26 00:02:47.566: [INFO][Sync] Stopped: Web Apps
2026-06-26 00:02:47.566: [INFO][Sync] Stopped: History
2026-06-26 00:02:47.566: [INFO][Sync] Stopped: Saved Tab Group
2026-06-26 00:02:47.566: [INFO][Sync] Stopped: WebAuthn Credentials
2026-06-26 00:02:47.566: [INFO][Sync] Stopped: Edge E Drop
2026-06-26 00:02:47.566: [INFO][Sync] Stopped: Edge Hub App Usage
2026-06-26 00:02:47.566: [INFO][Sync] Stopped: Edge Journey
2026-06-26 00:02:47.566: [INFO][Sync] Stopped: Edge Wallet
2026-06-26 00:02:47.566: [INFO][Sync] Stopped: Edge Workspace
2026-06-26 00:02:47.566: [INFO][Sync] SyncState after authenticated was: NotSignedIn
2026-06-26 00:02:48.699: [INFO][Sync] Reset engine, reason: 8
2026-06-26 00:02:48.699: [INFO][Sync] Stopped: Bookmarks
2026-06-26 00:02:48.699: [INFO][Sync] Stopped: Preferences
2026-06-26 00:02:48.699: [INFO][Sync] Stopped: Passwords
2026-06-26 00:02:48.699: [INFO][Sync] Stopped: Autofill Profiles
2026-06-26 00:02:48.699: [INFO][Sync] Stopped: Autofill
2026-06-26 00:02:48.699: [INFO][Sync] Stopped: Extensions
2026-06-26 00:02:48.699: [INFO][Sync] Stopped: Sessions
2026-06-26 00:02:48.699: [INFO][Sync] Stopped: Extension settings
2026-06-26 00:02:48.699: [INFO][Sync] Stopped: History Delete Directives
2026-06-26 00:02:48.699: [INFO][Sync] Stopped: Device Info
2026-06-26 00:02:48.699: [INFO][Sync] Stopped: User Consents
2026-06-26 00:02:48.699: [INFO][Sync] Stopped: Send Tab To Self
2026-06-26 00:02:48.699: [INFO][Sync] Stopped: Web Apps
2026-06-26 00:02:48.699: [INFO][Sync] Stopped: History
2026-06-26 00:02:48.699: [INFO][Sync] Stopped: Saved Tab Group
2026-06-26 00:02:48.699: [INFO][Sync] Stopped: WebAuthn Credentials
2026-06-26 00:02:48.699: [INFO][Sync] Stopped: Edge E Drop
2026-06-26 00:02:48.699: [INFO][Sync] Stopped: Edge Hub App Usage
2026-06-26 00:02:48.699: [INFO][Sync] Stopped: Edge Journey
2026-06-26 00:02:48.699: [INFO][Sync] Stopped: Edge Wallet
2026-06-26 00:02:48.699: [INFO][Sync] Stopped: Edge Workspace
2026-06-26 00:02:59.000: [INFO][Sync] Try to start sync engine
2026-06-26 00:02:59.818: [INFO][SyncManagerImpl::NudgeForInitialDownload] Initial download nudge for Encryption Keys
2026-06-26 00:02:59.818: [INFO][SyncEngineBackend::LoadAndConnectNigoriController] Load and connect Nigori controller
2026-06-26 00:02:59.818: [INFO][SyncEngineBackend::DoInitialize] Control Types added: Encryption Keys
2026-06-26 00:02:59.818: [INFO][SyncManagerImpl::ConfigureSyncer] Types to download: Encryption Keys with reason: 3
2026-06-26 00:02:59.818: [INFO][SyncSchedulerImpl::DoConfigurationSyncCycleJob] Configure job was blocked
2026-06-26 00:03:04.918: [INFO][SyncAuthManager::SetLastAuthError] Current auth error: None
2026-06-26 00:03:04.918: [INFO][SyncAuthManager::EdgeLogTokenErrorState] Token error with: None for account type: MSA
2026-06-26 00:03:04.918: [INFO][Sync] Credentials changed for: EdgeSyncScopeNew
2026-06-26 00:03:06.280: [INFO][SyncAuthManager::SetLastAuthError] Current auth error: None
2026-06-26 00:03:06.280: [INFO][SyncAuthManager::EdgeLogTokenErrorState] Token error with: None for account type: MSA
2026-06-26 00:03:06.280: [INFO][Sync] Credentials changed for: EdgeSyncKeyDataScope
2026-06-26 00:03:06.280: [INFO][SyncEngineBackend::DoUpdateKeyDataCredentials] Update key data credentials
2026-06-26 00:03:06.280: [INFO][SyncEngineBackend::DoUpdateCredentials] Update credentials
2026-06-26 00:03:06.312: [INFO][SyncSchedulerImpl::DoConfigurationSyncCycleJob] Blocked types:  and types to download: Encryption Keys
2026-06-26 00:03:14.509: [INFO][Sync] Started DataTypeManager configuration, reason: 4
2026-06-26 00:03:14.515: [INFO][Sync] Configuring for: Bookmarks, Preferences, Passwords, Autofill Profiles, Autofill, Extensions, Sessions, Extension settings, History Delete Directives, Device Info, User Consents, Send Tab To Self, Web Apps, History, Saved Tab Group, WebAuthn Credentials, Edge E Drop, Edge Hub App Usage, Edge Wallet, Edge Workspace, Encryption Keys, reason: 3, current state: 0
2026-06-26 00:03:14.515: [WARN][Sync] Crypto error data types: Passwords, Autofill Profiles, Autofill
2026-06-26 00:03:14.518: [INFO][Sync] Configure, desired: Bookmarks, Preferences, Extensions, Sessions, Extension settings, History Delete Directives, Device Info, User Consents, Send Tab To Self, Web Apps, History, Saved Tab Group, WebAuthn Credentials, Edge E Drop, Edge Hub App Usage, Edge Wallet, Edge Workspace, Encryption Keys; Allow fail: Passwords, Autofill Profiles, Autofill
2026-06-26 00:03:14.518: [INFO][Sync] Loading: Bookmarks
2026-06-26 00:03:14.518: [INFO][Sync] Loading: Preferences
2026-06-26 00:03:14.518: [INFO][Sync] Loading: Extensions
2026-06-26 00:03:14.518: [INFO][Sync] Loading: Sessions
2026-06-26 00:03:14.518: [INFO][Sync] Loading: Extension settings
2026-06-26 00:03:14.518: [INFO][Sync] Loading: History Delete Directives
2026-06-26 00:03:14.518: [INFO][Sync] Loading: Device Info
2026-06-26 00:03:14.526: [INFO][Sync] Loading: User Consents
2026-06-26 00:03:14.526: [INFO][Sync] Loading: Send Tab To Self
2026-06-26 00:03:14.526: [INFO][Sync] Loading: Web Apps
2026-06-26 00:03:14.526: [INFO][Sync] Loading: History
2026-06-26 00:03:14.526: [INFO][Sync] Loading: Saved Tab Group
2026-06-26 00:03:14.526: [INFO][Sync] Loading: WebAuthn Credentials
2026-06-26 00:03:14.526: [INFO][Sync] Loading: Edge E Drop
2026-06-26 00:03:14.526: [INFO][Sync] Loading: Edge Hub App Usage
2026-06-26 00:03:14.526: [INFO][Sync] Loading: Edge Wallet
2026-06-26 00:03:14.535: [INFO][Sync] Loading: Edge Workspace
2026-06-26 00:03:14.543: [INFO][Sync] All data types are ready for configure.
2026-06-26 00:03:15.007: [INFO][Sync] Started DataTypeManager configuration, reason: 5
2026-06-26 00:03:15.007: [INFO][Sync] Configuring for: Bookmarks, Preferences, Passwords, Autofill Profiles, Autofill, Extensions, Sessions, Extension settings, History Delete Directives, Device Info, User Consents, Send Tab To Self, Web Apps, History, Saved Tab Group, WebAuthn Credentials, Edge E Drop, Edge Hub App Usage, Edge Wallet, Edge Workspace, Encryption Keys, reason: 5, current state: 1
2026-06-26 00:03:15.018: [INFO][SyncEngineBackend::DoStartConfiguration] Start configuration
2026-06-26 00:03:15.021: [INFO][SyncManagerImpl::NudgeForInitialDownload] Initial download nudge for Bookmarks
2026-06-26 00:03:15.022: [INFO][SyncManagerImpl::NudgeForInitialDownload] Initial download nudge for Preferences
2026-06-26 00:03:15.022: [INFO][SyncManagerImpl::NudgeForInitialDownload] Initial download nudge for Extensions
2026-06-26 00:03:15.022: [INFO][SyncManagerImpl::NudgeForInitialDownload] Initial download nudge for Sessions
2026-06-26 00:03:15.022: [INFO][SyncManagerImpl::NudgeForInitialDownload] Initial download nudge for Extension settings
2026-06-26 00:03:15.022: [INFO][SyncManagerImpl::NudgeForInitialDownload] Initial download nudge for History Delete Directives
2026-06-26 00:03:15.022: [INFO][SyncManagerImpl::NudgeForInitialDownload] Initial download nudge for Device Info
2026-06-26 00:03:15.022: [INFO][SyncManagerImpl::NudgeForInitialDownload] Initial download nudge for Send Tab To Self
2026-06-26 00:03:15.022: [INFO][SyncManagerImpl::NudgeForInitialDownload] Initial download nudge for Web Apps
2026-06-26 00:03:15.022: [INFO][SyncManagerImpl::NudgeForInitialDownload] Initial download nudge for History
2026-06-26 00:03:15.022: [INFO][SyncManagerImpl::NudgeForInitialDownload] Initial download nudge for Saved Tab Group
2026-06-26 00:03:15.022: [INFO][SyncManagerImpl::NudgeForInitialDownload] Initial download nudge for WebAuthn Credentials
2026-06-26 00:03:15.022: [INFO][SyncManagerImpl::NudgeForInitialDownload] Initial download nudge for Edge E Drop
2026-06-26 00:03:15.022: [INFO][SyncManagerImpl::NudgeForInitialDownload] Initial download nudge for Edge Hub App Usage
2026-06-26 00:03:15.022: [INFO][SyncManagerImpl::NudgeForInitialDownload] Initial download nudge for Edge Wallet
2026-06-26 00:03:15.022: [INFO][SyncManagerImpl::NudgeForInitialDownload] Initial download nudge for Edge Workspace
2026-06-26 00:03:15.022: [INFO][SyncManagerImpl::ConfigureSyncer] Types to download:  with reason: 3
2026-06-26 00:03:15.022: [INFO][SyncEngineBackend::DoFinishConfigureDataTypes] Failed to download types:  and succeeded types: 
2026-06-26 00:03:15.031: [INFO][Sync] ConfigurationDone, failed: , succeeded: , remaining count: 4
2026-06-26 00:03:15.031: [WARN][Sync]     Reconfigure requested while configuration ongoing.
2026-06-26 00:03:15.031: [INFO][Sync] Configuring for: Bookmarks, Preferences, Passwords, Autofill Profiles, Autofill, Extensions, Sessions, Extension settings, History Delete Directives, Device Info, User Consents, Send Tab To Self, Web Apps, History, Saved Tab Group, WebAuthn Credentials, Edge E Drop, Edge Hub App Usage, Edge Wallet, Edge Workspace, Encryption Keys, reason: 5, current state: 2
2026-06-26 00:03:15.032: [INFO][Sync] Configure, desired: Bookmarks, Preferences, Passwords, Autofill Profiles, Autofill, Extensions, Sessions, Extension settings, History Delete Directives, Device Info, User Consents, Send Tab To Self, Web Apps, History, Saved Tab Group, WebAuthn Credentials, Edge E Drop, Edge Hub App Usage, Edge Wallet, Edge Workspace, Encryption Keys; Allow fail: 
2026-06-26 00:03:15.032: [INFO][Sync] Loading: Passwords
2026-06-26 00:03:15.032: [INFO][Sync] Loading: Autofill Profiles
2026-06-26 00:03:15.032: [INFO][Sync] Loading: Autofill
2026-06-26 00:03:15.032: [INFO][Sync] All data types are ready for configure.
2026-06-26 00:03:15.032: [INFO][SyncManagerImpl::NudgeForInitialDownload] Initial download nudge for Passwords
2026-06-26 00:03:15.035: [INFO][SyncManagerImpl::NudgeForInitialDownload] Initial download nudge for Autofill Profiles
2026-06-26 00:03:15.035: [INFO][SyncManagerImpl::NudgeForInitialDownload] Initial download nudge for Autofill
2026-06-26 00:03:15.035: [INFO][SyncManagerImpl::ConfigureSyncer] Types to download:  with reason: 5
2026-06-26 00:03:15.035: [INFO][SyncEngineBackend::DoFinishConfigureDataTypes] Failed to download types:  and succeeded types: 
2026-06-26 00:03:15.035: [INFO][Sync] ConfigurationDone, failed: , succeeded: , remaining count: 4
2026-06-26 00:03:15.035: [INFO][Sync] Prepare to configure types: Preferences, Passwords, Device Info, Send Tab To Self, Edge E Drop, Encryption Keys
2026-06-26 00:03:15.035: [INFO][SyncManagerImpl::ConfigureSyncer] Types to download: Preferences, Passwords, Device Info, Send Tab To Self, Edge E Drop, Encryption Keys with reason: 5
2026-06-26 00:03:15.035: [INFO][SyncSchedulerImpl::DoConfigurationSyncCycleJob] Blocked types:  and types to download: Preferences, Passwords, Device Info, Send Tab To Self, Edge E Drop, Encryption Keys
2026-06-26 00:03:15.485: [INFO][SyncEngineBackend::DoFinishConfigureDataTypes] Failed to download types:  and succeeded types: Preferences, Passwords, Device Info, Send Tab To Self, Edge E Drop, Encryption Keys
2026-06-26 00:03:15.714: [INFO][Sync] ConfigurationDone, failed: , succeeded: Preferences, Passwords, Device Info, Send Tab To Self, Edge E Drop, Encryption Keys, remaining count: 3
2026-06-26 00:03:15.714: [INFO][Sync] Prepare to configure types: Bookmarks, Encryption Keys
2026-06-26 00:03:15.714: [INFO][SyncManagerImpl::ConfigureSyncer] Types to download: Bookmarks, Encryption Keys with reason: 5
2026-06-26 00:03:15.714: [INFO][SyncSchedulerImpl::DoConfigurationSyncCycleJob] Blocked types:  and types to download: Bookmarks, Encryption Keys
2026-06-26 00:03:15.911: [INFO][SyncEngineBackend::DoFinishConfigureDataTypes] Failed to download types:  and succeeded types: Bookmarks, Encryption Keys
2026-06-26 00:03:15.934: [INFO][Sync] ConfigurationDone, failed: , succeeded: Bookmarks, Encryption Keys, remaining count: 2
2026-06-26 00:03:15.934: [INFO][Sync] Prepare to configure types: Autofill Profiles, Autofill, Extensions, Sessions, Extension settings, History Delete Directives, Web Apps, Saved Tab Group, WebAuthn Credentials, Edge Hub App Usage, Edge Wallet, Edge Workspace, Encryption Keys
2026-06-26 00:03:15.935: [INFO][SyncManagerImpl::ConfigureSyncer] Types to download: Autofill Profiles, Autofill, Extensions, Sessions, Extension settings, History Delete Directives, Web Apps, Saved Tab Group, WebAuthn Credentials, Edge Hub App Usage, Edge Wallet, Edge Workspace, Encryption Keys with reason: 5
2026-06-26 00:03:15.935: [INFO][SyncSchedulerImpl::DoConfigurationSyncCycleJob] Blocked types:  and types to download: Autofill Profiles, Autofill, Extensions, Sessions, Extension settings, History Delete Directives, Web Apps, Saved Tab Group, WebAuthn Credentials, Edge Hub App Usage, Edge Wallet, Edge Workspace, Encryption Keys
2026-06-26 00:03:17.584: [INFO][SyncEngineBackend::DoFinishConfigureDataTypes] Failed to download types:  and succeeded types: Autofill Profiles, Autofill, Extensions, Sessions, Extension settings, History Delete Directives, Web Apps, Saved Tab Group, WebAuthn Credentials, Edge Hub App Usage, Edge Wallet, Edge Workspace, Encryption Keys
2026-06-26 00:03:17.624: [INFO][Sync] ConfigurationDone, failed: , succeeded: Autofill Profiles, Autofill, Extensions, Sessions, Extension settings, History Delete Directives, Web Apps, Saved Tab Group, WebAuthn Credentials, Edge Hub App Usage, Edge Wallet, Edge Workspace, Encryption Keys, remaining count: 1
2026-06-26 00:03:17.649: [INFO][Sync] Prepare to configure types: History, Encryption Keys
2026-06-26 00:03:17.649: [INFO][SyncManagerImpl::ConfigureSyncer] Types to download: History, Encryption Keys with reason: 5
2026-06-26 00:03:17.649: [INFO][SyncSchedulerImpl::DoConfigurationSyncCycleJob] Blocked types:  and types to download: History, Encryption Keys
2026-06-26 00:03:20.642: [INFO][SyncEngineBackend::DoFinishConfigureDataTypes] Failed to download types:  and succeeded types: History, Encryption Keys
2026-06-26 00:03:20.655: [INFO][Sync] ConfigurationDone, failed: , succeeded: History, Encryption Keys, remaining count: 0
2026-06-26 00:03:20.669: [INFO][Sync]     Configuration completed, state: 7
2026-06-26 00:03:20.670: [INFO][Sync] Configured DataTypeManager: Ok
2026-06-26 00:03:20.688: [INFO][SyncEngineBackend::DoStartSyncing] Start syncing
2026-06-26 00:05:17.193: [INFO][Sync] Reset engine, reason: 0
2026-06-26 00:05:17.193: [INFO][Sync] Reset engine with reason: 0
2026-06-26 00:06:27.357: [INFO][Sync] SyncState after authenticated was: FeatureCanStart
2026-06-26 00:06:28.111: [INFO][SyncAuthManager::SetLastAuthError] Current auth error: None
2026-06-26 00:06:28.112: [INFO][SyncAuthManager::EdgeLogTokenErrorState] Token error with: None for account type: MSA
2026-06-26 00:06:28.112: [INFO][Sync] Credentials changed for: EdgeSyncKeyDataScope
2026-06-26 00:06:37.518: [INFO][Sync] Try to start sync engine
2026-06-26 00:06:37.520: [INFO][SyncManagerImpl::NudgeForInitialDownload] Initial download nudge for Encryption Keys
2026-06-26 00:06:37.520: [INFO][SyncEngineBackend::LoadAndConnectNigoriController] Load and connect Nigori controller
2026-06-26 00:06:37.520: [INFO][SyncEngineBackend::DoInitialize] Control Types added: Encryption Keys
2026-06-26 00:06:37.520: [INFO][SyncManagerImpl::ConfigureSyncer] Types to download: Encryption Keys with reason: 3
2026-06-26 00:06:37.520: [INFO][SyncEngineBackend::DoUpdateKeyDataCredentials] Update key data credentials
2026-06-26 00:06:37.520: [INFO][SyncSchedulerImpl::DoConfigurationSyncCycleJob] Configure job was blocked
2026-06-26 00:06:37.528: [INFO][SyncAuthManager::SetLastAuthError] Current auth error: None
2026-06-26 00:06:37.528: [INFO][SyncAuthManager::EdgeLogTokenErrorState] Token error with: None for account type: MSA
2026-06-26 00:06:37.528: [INFO][Sync] Credentials changed for: EdgeSyncScopeNew
2026-06-26 00:06:37.529: [INFO][SyncEngineBackend::DoUpdateCredentials] Update credentials
2026-06-26 00:06:37.529: [INFO][SyncEngineBackend::DoUpdateKeyDataCredentials] Update key data credentials
2026-06-26 00:06:37.529: [INFO][SyncSchedulerImpl::DoConfigurationSyncCycleJob] Blocked types:  and types to download: Encryption Keys
2026-06-26 00:06:37.889: [INFO][Sync] Started DataTypeManager configuration, reason: 4
2026-06-26 00:06:37.889: [INFO][Sync] Configuring for: Bookmarks, Preferences, Passwords, Autofill Profiles, Autofill, Extensions, Sessions, Extension settings, History Delete Directives, Device Info, User Consents, Send Tab To Self, Web Apps, History, Saved Tab Group, WebAuthn Credentials, Edge E Drop, Edge Hub App Usage, Edge Wallet, Edge Workspace, Encryption Keys, reason: 4, current state: 0
2026-06-26 00:06:37.889: [WARN][Sync] Crypto error data types: Passwords, Autofill Profiles, Autofill
2026-06-26 00:06:37.896: [INFO][Sync] Configure, desired: Bookmarks, Preferences, Extensions, Sessions, Extension settings, History Delete Directives, Device Info, User Consents, Send Tab To Self, Web Apps, History, Saved Tab Group, WebAuthn Credentials, Edge E Drop, Edge Hub App Usage, Edge Wallet, Edge Workspace, Encryption Keys; Allow fail: Passwords, Autofill Profiles, Autofill
2026-06-26 00:06:37.896: [INFO][Sync] Loading: Bookmarks
2026-06-26 00:06:37.896: [INFO][Sync] Loading: Preferences
2026-06-26 00:06:37.896: [INFO][Sync] Loading: Extensions
2026-06-26 00:06:37.896: [INFO][Sync] Loading: Sessions
2026-06-26 00:06:37.896: [INFO][Sync] Loading: Extension settings
2026-06-26 00:06:37.896: [INFO][Sync] Loading: History Delete Directives
2026-06-26 00:06:37.896: [INFO][Sync] Loading: Device Info
2026-06-26 00:06:37.896: [INFO][Sync] Loading: User Consents
2026-06-26 00:06:37.896: [INFO][Sync] Loading: Send Tab To Self
2026-06-26 00:06:37.896: [INFO][Sync] Loading: Web Apps
2026-06-26 00:06:37.896: [INFO][Sync] Loading: History
2026-06-26 00:06:37.896: [INFO][Sync] Loading: Saved Tab Group
2026-06-26 00:06:37.896: [INFO][Sync] Loading: WebAuthn Credentials
2026-06-26 00:06:37.896: [INFO][Sync] Loading: Edge E Drop
2026-06-26 00:06:37.896: [INFO][Sync] Loading: Edge Hub App Usage
2026-06-26 00:06:37.896: [INFO][Sync] Loading: Edge Wallet
2026-06-26 00:06:37.897: [INFO][Sync] Loading: Edge Workspace
2026-06-26 00:06:37.914: [INFO][Sync] All data types are ready for configure.
2026-06-26 00:06:38.652: [INFO][Sync] Started DataTypeManager configuration, reason: 5
2026-06-26 00:06:38.652: [INFO][Sync] Configuring for: Bookmarks, Preferences, Passwords, Autofill Profiles, Autofill, Extensions, Sessions, Extension settings, History Delete Directives, Device Info, User Consents, Send Tab To Self, Web Apps, History, Saved Tab Group, WebAuthn Credentials, Edge E Drop, Edge Hub App Usage, Edge Wallet, Edge Workspace, Encryption Keys, reason: 5, current state: 1
2026-06-26 00:06:38.657: [INFO][SyncEngineBackend::DoStartConfiguration] Start configuration
2026-06-26 00:06:38.657: [INFO][SyncManagerImpl::ConfigureSyncer] Types to download:  with reason: 4
2026-06-26 00:06:38.657: [INFO][SyncEngineBackend::DoFinishConfigureDataTypes] Failed to download types:  and succeeded types: 
2026-06-26 00:06:38.664: [INFO][Sync] ConfigurationDone, failed: , succeeded: , remaining count: 4
2026-06-26 00:06:38.664: [WARN][Sync]     Reconfigure requested while configuration ongoing.
2026-06-26 00:06:38.664: [INFO][Sync] Configuring for: Bookmarks, Preferences, Passwords, Autofill Profiles, Autofill, Extensions, Sessions, Extension settings, History Delete Directives, Device Info, User Consents, Send Tab To Self, Web Apps, History, Saved Tab Group, WebAuthn Credentials, Edge E Drop, Edge Hub App Usage, Edge Wallet, Edge Workspace, Encryption Keys, reason: 5, current state: 2
2026-06-26 00:06:38.664: [INFO][Sync] Configure, desired: Bookmarks, Preferences, Passwords, Autofill Profiles, Autofill, Extensions, Sessions, Extension settings, History Delete Directives, Device Info, User Consents, Send Tab To Self, Web Apps, History, Saved Tab Group, WebAuthn Credentials, Edge E Drop, Edge Hub App Usage, Edge Wallet, Edge Workspace, Encryption Keys; Allow fail: 
2026-06-26 00:06:38.665: [INFO][Sync] Loading: Passwords
2026-06-26 00:06:38.665: [INFO][Sync] Loading: Autofill Profiles
2026-06-26 00:06:38.665: [INFO][Sync] Loading: Autofill
2026-06-26 00:06:38.669: [INFO][Sync] All data types are ready for configure.
2026-06-26 00:06:38.669: [INFO][SyncManagerImpl::NudgeForInitialDownload] Initial download nudge for Passwords
2026-06-26 00:06:38.669: [INFO][SyncManagerImpl::ConfigureSyncer] Types to download:  with reason: 5
2026-06-26 00:06:38.669: [INFO][SyncEngineBackend::DoFinishConfigureDataTypes] Failed to download types:  and succeeded types: 
2026-06-26 00:06:38.669: [INFO][Sync] ConfigurationDone, failed: , succeeded: , remaining count: 4
2026-06-26 00:06:38.669: [INFO][Sync] Prepare to configure types: Passwords, Encryption Keys
2026-06-26 00:06:38.670: [INFO][SyncManagerImpl::ConfigureSyncer] Types to download: Passwords, Encryption Keys with reason: 5
2026-06-26 00:06:38.670: [INFO][SyncSchedulerImpl::DoConfigurationSyncCycleJob] Blocked types:  and types to download: Passwords, Encryption Keys
2026-06-26 00:06:39.008: [INFO][SyncEngineBackend::DoFinishConfigureDataTypes] Failed to download types:  and succeeded types: Passwords, Encryption Keys
2026-06-26 00:06:39.016: [INFO][Sync] ConfigurationDone, failed: , succeeded: Passwords, Encryption Keys, remaining count: 3
2026-06-26 00:06:39.017: [INFO][SyncManagerImpl::ConfigureSyncer] Types to download:  with reason: 5
2026-06-26 00:06:39.017: [INFO][SyncEngineBackend::DoFinishConfigureDataTypes] Failed to download types:  and succeeded types: 
2026-06-26 00:06:39.017: [INFO][Sync] ConfigurationDone, failed: , succeeded: , remaining count: 2
2026-06-26 00:06:39.017: [INFO][SyncManagerImpl::ConfigureSyncer] Types to download:  with reason: 5
2026-06-26 00:06:39.017: [INFO][SyncEngineBackend::DoFinishConfigureDataTypes] Failed to download types:  and succeeded types: 
2026-06-26 00:06:39.017: [INFO][Sync] ConfigurationDone, failed: , succeeded: , remaining count: 1
2026-06-26 00:06:39.025: [INFO][SyncManagerImpl::ConfigureSyncer] Types to download:  with reason: 5
2026-06-26 00:06:39.025: [INFO][SyncEngineBackend::DoFinishConfigureDataTypes] Failed to download types:  and succeeded types: 
2026-06-26 00:06:39.025: [INFO][Sync] ConfigurationDone, failed: , succeeded: , remaining count: 0
2026-06-26 00:06:39.032: [INFO][Sync]     Configuration completed, state: 7
2026-06-26 00:06:39.032: [INFO][Sync] Configured DataTypeManager: Ok
2026-06-26 00:06:39.040: [INFO][SyncEngineBackend::DoStartSyncing] Start syncing
2026-06-26 00:21:48.660: [INFO][Sync] Reset engine, reason: 0
2026-06-26 00:21:48.660: [INFO][Sync] Reset engine with reason: 0
2026-06-26 00:34:25.828: [INFO][Sync] Reset engine, reason: 8
2026-06-26 00:34:25.828: [INFO][Sync] Stopped: Bookmarks
2026-06-26 00:34:25.828: [INFO][Sync] Stopped: Preferences
2026-06-26 00:34:25.828: [INFO][Sync] Stopped: Passwords
2026-06-26 00:34:25.828: [INFO][Sync] Stopped: Autofill Profiles
2026-06-26 00:34:25.828: [INFO][Sync] Stopped: Autofill
2026-06-26 00:34:25.828: [INFO][Sync] Stopped: Extensions
2026-06-26 00:34:25.828: [INFO][Sync] Stopped: Sessions
2026-06-26 00:34:25.828: [INFO][Sync] Stopped: Extension settings
2026-06-26 00:34:25.828: [INFO][Sync] Stopped: History Delete Directives
2026-06-26 00:34:25.828: [INFO][Sync] Stopped: Device Info
2026-06-26 00:34:25.828: [INFO][Sync] Stopped: User Consents
2026-06-26 00:34:25.828: [INFO][Sync] Stopped: Send Tab To Self
2026-06-26 00:34:25.828: [INFO][Sync] Stopped: Web Apps
2026-06-26 00:34:25.828: [INFO][Sync] Stopped: History
2026-06-26 00:34:25.828: [INFO][Sync] Stopped: Saved Tab Group
2026-06-26 00:34:25.828: [INFO][Sync] Stopped: WebAuthn Credentials
2026-06-26 00:34:25.828: [INFO][Sync] Stopped: Edge E Drop
2026-06-26 00:34:25.828: [INFO][Sync] Stopped: Edge Hub App Usage
2026-06-26 00:34:25.828: [INFO][Sync] Stopped: Edge Journey
2026-06-26 00:34:25.828: [INFO][Sync] Stopped: Edge Wallet
2026-06-26 00:34:25.828: [INFO][Sync] Stopped: Edge Workspace
2026-06-26 00:34:25.828: [INFO][Sync] SyncState after authenticated was: NotSignedIn
2026-06-26 00:34:26.267: [INFO][Sync] Reset engine, reason: 8
2026-06-26 00:34:26.267: [INFO][Sync] Stopped: Bookmarks
2026-06-26 00:34:26.267: [INFO][Sync] Stopped: Preferences
2026-06-26 00:34:26.267: [INFO][Sync] Stopped: Passwords
2026-06-26 00:34:26.267: [INFO][Sync] Stopped: Autofill Profiles
2026-06-26 00:34:26.267: [INFO][Sync] Stopped: Autofill
2026-06-26 00:34:26.267: [INFO][Sync] Stopped: Extensions
2026-06-26 00:34:26.267: [INFO][Sync] Stopped: Sessions
2026-06-26 00:34:26.267: [INFO][Sync] Stopped: Extension settings
2026-06-26 00:34:26.267: [INFO][Sync] Stopped: History Delete Directives
2026-06-26 00:34:26.267: [INFO][Sync] Stopped: Device Info
2026-06-26 00:34:26.267: [INFO][Sync] Stopped: User Consents
2026-06-26 00:34:26.267: [INFO][Sync] Stopped: Send Tab To Self
2026-06-26 00:34:26.268: [INFO][Sync] Stopped: Web Apps
2026-06-26 00:34:26.268: [INFO][Sync] Stopped: History
2026-06-26 00:34:26.268: [INFO][Sync] Stopped: Saved Tab Group
2026-06-26 00:34:26.268: [INFO][Sync] Stopped: WebAuthn Credentials
2026-06-26 00:34:26.268: [INFO][Sync] Stopped: Edge E Drop
2026-06-26 00:34:26.268: [INFO][Sync] Stopped: Edge Hub App Usage
2026-06-26 00:34:26.268: [INFO][Sync] Stopped: Edge Journey
2026-06-26 00:34:26.268: [INFO][Sync] Stopped: Edge Wallet
2026-06-26 00:34:26.268: [INFO][Sync] Stopped: Edge Workspace
2026-06-26 00:34:32.386: [INFO][Sync] Try to start sync engine
2026-06-26 00:34:32.415: [INFO][SyncManagerImpl::NudgeForInitialDownload] Initial download nudge for Encryption Keys
2026-06-26 00:34:32.415: [INFO][SyncEngineBackend::LoadAndConnectNigoriController] Load and connect Nigori controller
2026-06-26 00:34:32.415: [INFO][SyncEngineBackend::DoInitialize] Control Types added: Encryption Keys
2026-06-26 00:34:32.415: [INFO][SyncManagerImpl::ConfigureSyncer] Types to download: Encryption Keys with reason: 3
2026-06-26 00:34:32.415: [INFO][SyncSchedulerImpl::DoConfigurationSyncCycleJob] Configure job was blocked
2026-06-26 00:34:32.614: [INFO][SyncAuthManager::SetLastAuthError] Current auth error: None
2026-06-26 00:34:32.614: [INFO][SyncAuthManager::EdgeLogTokenErrorState] Token error with: None for account type: MSA
2026-06-26 00:34:32.615: [INFO][Sync] Credentials changed for: EdgeSyncScopeNew
2026-06-26 00:34:33.248: [INFO][SyncAuthManager::SetLastAuthError] Current auth error: None
2026-06-26 00:34:33.248: [INFO][SyncAuthManager::EdgeLogTokenErrorState] Token error with: None for account type: MSA
2026-06-26 00:34:33.248: [INFO][Sync] Credentials changed for: EdgeSyncKeyDataScope
2026-06-26 00:34:33.248: [INFO][SyncEngineBackend::DoUpdateKeyDataCredentials] Update key data credentials
2026-06-26 00:34:33.248: [INFO][SyncEngineBackend::DoUpdateCredentials] Update credentials
2026-06-26 00:34:33.248: [INFO][SyncSchedulerImpl::DoConfigurationSyncCycleJob] Blocked types:  and types to download: Encryption Keys
2026-06-26 00:34:33.548: [INFO][Sync] Started DataTypeManager configuration, reason: 4
2026-06-26 00:34:33.553: [INFO][Sync] Configuring for: Bookmarks, Preferences, Passwords, Autofill Profiles, Autofill, Extensions, Sessions, Extension settings, History Delete Directives, Device Info, User Consents, Send Tab To Self, Web Apps, History, Saved Tab Group, WebAuthn Credentials, Edge E Drop, Edge Hub App Usage, Edge Wallet, Edge Workspace, Encryption Keys, reason: 4, current state: 0
2026-06-26 00:34:33.553: [WARN][Sync] Crypto error data types: Passwords, Autofill Profiles, Autofill
2026-06-26 00:34:33.564: [INFO][Sync] Configure, desired: Bookmarks, Preferences, Extensions, Sessions, Extension settings, History Delete Directives, Device Info, User Consents, Send Tab To Self, Web Apps, History, Saved Tab Group, WebAuthn Credentials, Edge E Drop, Edge Hub App Usage, Edge Wallet, Edge Workspace, Encryption Keys; Allow fail: Passwords, Autofill Profiles, Autofill
2026-06-26 00:34:33.564: [INFO][Sync] Loading: Bookmarks
2026-06-26 00:34:33.564: [INFO][Sync] Loading: Preferences
2026-06-26 00:34:33.564: [INFO][Sync] Loading: Extensions
2026-06-26 00:34:33.564: [INFO][Sync] Loading: Sessions
2026-06-26 00:34:33.564: [INFO][Sync] Loading: Extension settings
2026-06-26 00:34:33.564: [INFO][Sync] Loading: History Delete Directives
2026-06-26 00:34:33.565: [INFO][Sync] Loading: Device Info
2026-06-26 00:34:33.565: [INFO][Sync] Loading: User Consents
2026-06-26 00:34:33.565: [INFO][Sync] Loading: Send Tab To Self
2026-06-26 00:34:33.565: [INFO][Sync] Loading: Web Apps
2026-06-26 00:34:33.565: [INFO][Sync] Loading: History
2026-06-26 00:34:33.565: [INFO][Sync] Loading: Saved Tab Group
2026-06-26 00:34:33.565: [INFO][Sync] Loading: WebAuthn Credentials
2026-06-26 00:34:33.565: [INFO][Sync] Loading: Edge E Drop
2026-06-26 00:34:33.565: [INFO][Sync] Loading: Edge Hub App Usage
2026-06-26 00:34:33.565: [INFO][Sync] Loading: Edge Wallet
2026-06-26 00:34:33.565: [INFO][Sync] Loading: Edge Workspace
2026-06-26 00:34:33.577: [INFO][Sync] All data types are ready for configure.
2026-06-26 00:34:33.937: [INFO][Sync] Started DataTypeManager configuration, reason: 5
2026-06-26 00:34:33.937: [INFO][Sync] Configuring for: Bookmarks, Preferences, Passwords, Autofill Profiles, Autofill, Extensions, Sessions, Extension settings, History Delete Directives, Device Info, User Consents, Send Tab To Self, Web Apps, History, Saved Tab Group, WebAuthn Credentials, Edge E Drop, Edge Hub App Usage, Edge Wallet, Edge Workspace, Encryption Keys, reason: 5, current state: 1
2026-06-26 00:34:33.939: [INFO][SyncEngineBackend::DoStartConfiguration] Start configuration
2026-06-26 00:34:33.939: [INFO][SyncManagerImpl::NudgeForInitialDownload] Initial download nudge for Bookmarks
2026-06-26 00:34:33.939: [INFO][SyncManagerImpl::NudgeForInitialDownload] Initial download nudge for Preferences
2026-06-26 00:34:33.939: [INFO][SyncManagerImpl::NudgeForInitialDownload] Initial download nudge for Extensions
2026-06-26 00:34:33.939: [INFO][SyncManagerImpl::NudgeForInitialDownload] Initial download nudge for Sessions
2026-06-26 00:34:33.939: [INFO][SyncManagerImpl::NudgeForInitialDownload] Initial download nudge for Extension settings
2026-06-26 00:34:33.939: [INFO][SyncManagerImpl::NudgeForInitialDownload] Initial download nudge for History Delete Directives
2026-06-26 00:34:33.939: [INFO][SyncManagerImpl::NudgeForInitialDownload] Initial download nudge for Device Info
2026-06-26 00:34:33.939: [INFO][SyncManagerImpl::NudgeForInitialDownload] Initial download nudge for Send Tab To Self
2026-06-26 00:34:33.939: [INFO][SyncManagerImpl::NudgeForInitialDownload] Initial download nudge for Web Apps
2026-06-26 00:34:33.939: [INFO][SyncManagerImpl::NudgeForInitialDownload] Initial download nudge for History
2026-06-26 00:34:33.939: [INFO][SyncManagerImpl::NudgeForInitialDownload] Initial download nudge for Saved Tab Group
2026-06-26 00:34:33.939: [INFO][SyncManagerImpl::NudgeForInitialDownload] Initial download nudge for WebAuthn Credentials
2026-06-26 00:34:33.939: [INFO][SyncManagerImpl::NudgeForInitialDownload] Initial download nudge for Edge E Drop
2026-06-26 00:34:33.939: [INFO][SyncManagerImpl::NudgeForInitialDownload] Initial download nudge for Edge Hub App Usage
2026-06-26 00:34:33.939: [INFO][SyncManagerImpl::NudgeForInitialDownload] Initial download nudge for Edge Wallet
2026-06-26 00:34:33.939: [INFO][SyncManagerImpl::NudgeForInitialDownload] Initial download nudge for Edge Workspace
2026-06-26 00:34:33.939: [INFO][SyncManagerImpl::ConfigureSyncer] Types to download:  with reason: 4
2026-06-26 00:34:33.939: [INFO][SyncEngineBackend::DoFinishConfigureDataTypes] Failed to download types:  and succeeded types: 
2026-06-26 00:34:33.947: [INFO][Sync] ConfigurationDone, failed: , succeeded: , remaining count: 4
2026-06-26 00:34:33.947: [WARN][Sync]     Reconfigure requested while configuration ongoing.
2026-06-26 00:34:33.947: [INFO][Sync] Configuring for: Bookmarks, Preferences, Passwords, Autofill Profiles, Autofill, Extensions, Sessions, Extension settings, History Delete Directives, Device Info, User Consents, Send Tab To Self, Web Apps, History, Saved Tab Group, WebAuthn Credentials, Edge E Drop, Edge Hub App Usage, Edge Wallet, Edge Workspace, Encryption Keys, reason: 5, current state: 2
2026-06-26 00:34:33.947: [INFO][Sync] Configure, desired: Bookmarks, Preferences, Passwords, Autofill Profiles, Autofill, Extensions, Sessions, Extension settings, History Delete Directives, Device Info, User Consents, Send Tab To Self, Web Apps, History, Saved Tab Group, WebAuthn Credentials, Edge E Drop, Edge Hub App Usage, Edge Wallet, Edge Workspace, Encryption Keys; Allow fail: 
2026-06-26 00:34:33.947: [INFO][Sync] Loading: Passwords
2026-06-26 00:34:33.947: [INFO][Sync] Loading: Autofill Profiles
2026-06-26 00:34:33.947: [INFO][Sync] Loading: Autofill
2026-06-26 00:34:33.948: [INFO][Sync] All data types are ready for configure.
2026-06-26 00:34:33.948: [INFO][SyncManagerImpl::NudgeForInitialDownload] Initial download nudge for Passwords
2026-06-26 00:34:33.948: [INFO][SyncManagerImpl::NudgeForInitialDownload] Initial download nudge for Autofill Profiles
2026-06-26 00:34:33.948: [INFO][SyncManagerImpl::NudgeForInitialDownload] Initial download nudge for Autofill
2026-06-26 00:34:33.948: [INFO][SyncManagerImpl::ConfigureSyncer] Types to download:  with reason: 5
2026-06-26 00:34:33.948: [INFO][SyncEngineBackend::DoFinishConfigureDataTypes] Failed to download types:  and succeeded types: 
2026-06-26 00:34:33.955: [INFO][Sync] ConfigurationDone, failed: , succeeded: , remaining count: 4
2026-06-26 00:34:33.955: [INFO][Sync] Prepare to configure types: Preferences, Passwords, Device Info, Send Tab To Self, Edge E Drop, Encryption Keys
2026-06-26 00:34:33.955: [INFO][SyncManagerImpl::ConfigureSyncer] Types to download: Preferences, Passwords, Device Info, Send Tab To Self, Edge E Drop, Encryption Keys with reason: 5
2026-06-26 00:34:33.955: [INFO][SyncSchedulerImpl::DoConfigurationSyncCycleJob] Blocked types:  and types to download: Preferences, Passwords, Device Info, Send Tab To Self, Edge E Drop, Encryption Keys
2026-06-26 00:34:34.330: [INFO][SyncEngineBackend::DoFinishConfigureDataTypes] Failed to download types:  and succeeded types: Preferences, Passwords, Device Info, Send Tab To Self, Edge E Drop, Encryption Keys
2026-06-26 00:34:34.341: [INFO][Sync] ConfigurationDone, failed: , succeeded: Preferences, Passwords, Device Info, Send Tab To Self, Edge E Drop, Encryption Keys, remaining count: 3
2026-06-26 00:34:34.341: [INFO][Sync] Prepare to configure types: Bookmarks, Encryption Keys
2026-06-26 00:34:34.341: [INFO][SyncManagerImpl::ConfigureSyncer] Types to download: Bookmarks, Encryption Keys with reason: 5
2026-06-26 00:34:34.341: [INFO][SyncSchedulerImpl::DoConfigurationSyncCycleJob] Blocked types:  and types to download: Bookmarks, Encryption Keys
2026-06-26 00:34:34.491: [INFO][SyncEngineBackend::DoFinishConfigureDataTypes] Failed to download types:  and succeeded types: Bookmarks, Encryption Keys
2026-06-26 00:34:34.501: [INFO][Sync] ConfigurationDone, failed: , succeeded: Bookmarks, Encryption Keys, remaining count: 2
2026-06-26 00:34:34.501: [INFO][Sync] Prepare to configure types: Autofill Profiles, Autofill, Extensions, Sessions, Extension settings, History Delete Directives, Web Apps, Saved Tab Group, WebAuthn Credentials, Edge Hub App Usage, Edge Wallet, Edge Workspace, Encryption Keys
2026-06-26 00:34:34.501: [INFO][SyncManagerImpl::ConfigureSyncer] Types to download: Autofill Profiles, Autofill, Extensions, Sessions, Extension settings, History Delete Directives, Web Apps, Saved Tab Group, WebAuthn Credentials, Edge Hub App Usage, Edge Wallet, Edge Workspace, Encryption Keys with reason: 5
2026-06-26 00:34:34.501: [INFO][SyncSchedulerImpl::DoConfigurationSyncCycleJob] Blocked types:  and types to download: Autofill Profiles, Autofill, Extensions, Sessions, Extension settings, History Delete Directives, Web Apps, Saved Tab Group, WebAuthn Credentials, Edge Hub App Usage, Edge Wallet, Edge Workspace, Encryption Keys
2026-06-26 00:34:35.535: [INFO][SyncEngineBackend::DoFinishConfigureDataTypes] Failed to download types:  and succeeded types: Autofill Profiles, Autofill, Extensions, Sessions, Extension settings, History Delete Directives, Web Apps, Saved Tab Group, WebAuthn Credentials, Edge Hub App Usage, Edge Wallet, Edge Workspace, Encryption Keys
2026-06-26 00:34:35.546: [INFO][Sync] ConfigurationDone, failed: , succeeded: Autofill Profiles, Autofill, Extensions, Sessions, Extension settings, History Delete Directives, Web Apps, Saved Tab Group, WebAuthn Credentials, Edge Hub App Usage, Edge Wallet, Edge Workspace, Encryption Keys, remaining count: 1
2026-06-26 00:34:35.561: [INFO][Sync] Prepare to configure types: History, Encryption Keys
2026-06-26 00:34:35.561: [INFO][SyncManagerImpl::ConfigureSyncer] Types to download: History, Encryption Keys with reason: 5
2026-06-26 00:34:35.561: [INFO][SyncSchedulerImpl::DoConfigurationSyncCycleJob] Blocked types:  and types to download: History, Encryption Keys
2026-06-26 00:34:38.209: [INFO][SyncEngineBackend::DoFinishConfigureDataTypes] Failed to download types:  and succeeded types: History, Encryption Keys
2026-06-26 00:34:38.223: [INFO][Sync] ConfigurationDone, failed: , succeeded: History, Encryption Keys, remaining count: 0
2026-06-26 00:34:38.233: [INFO][Sync]     Configuration completed, state: 7
2026-06-26 00:34:38.233: [INFO][Sync] Configured DataTypeManager: Ok
2026-06-26 00:34:38.246: [INFO][SyncEngineBackend::DoStartSyncing] Start syncing
2026-06-26 00:56:52.411: [INFO][Sync] Reset engine, reason: 0
2026-06-26 00:56:52.411: [INFO][Sync] Reset engine with reason: 0
2026-06-26 05:02:30.731: [INFO][Sync] SyncState after authenticated was: FeatureCanStart
2026-06-26 05:02:32.950: [INFO][SyncAuthManager::SetLastAuthError] Current auth error: None
2026-06-26 05:02:32.951: [INFO][SyncAuthManager::EdgeLogTokenErrorState] Token error with: None for account type: MSA
2026-06-26 05:02:32.951: [INFO][Sync] Credentials changed for: EdgeSyncKeyDataScope
2026-06-26 05:02:40.954: [INFO][Sync] Try to start sync engine
2026-06-26 05:02:40.959: [INFO][SyncManagerImpl::NudgeForInitialDownload] Initial download nudge for Encryption Keys
2026-06-26 05:02:40.959: [INFO][SyncEngineBackend::LoadAndConnectNigoriController] Load and connect Nigori controller
2026-06-26 05:02:40.959: [INFO][SyncEngineBackend::DoInitialize] Control Types added: Encryption Keys
2026-06-26 05:02:40.960: [INFO][SyncManagerImpl::ConfigureSyncer] Types to download: Encryption Keys with reason: 3
2026-06-26 05:02:40.960: [INFO][SyncEngineBackend::DoUpdateKeyDataCredentials] Update key data credentials
2026-06-26 05:02:40.960: [INFO][SyncSchedulerImpl::DoConfigurationSyncCycleJob] Configure job was blocked
2026-06-26 05:02:40.965: [INFO][SyncAuthManager::SetLastAuthError] Current auth error: None
2026-06-26 05:02:40.965: [INFO][SyncAuthManager::EdgeLogTokenErrorState] Token error with: None for account type: MSA
2026-06-26 05:02:40.965: [INFO][Sync] Credentials changed for: EdgeSyncScopeNew
2026-06-26 05:02:40.965: [INFO][SyncEngineBackend::DoUpdateCredentials] Update credentials
2026-06-26 05:02:40.965: [INFO][SyncSchedulerImpl::DoConfigurationSyncCycleJob] Blocked types:  and types to download: Encryption Keys
2026-06-26 05:02:41.986: [INFO][SyncEngineBackend::DoUpdateKeyDataCredentials] Update key data credentials
2026-06-26 05:02:42.042: [INFO][Sync] Started DataTypeManager configuration, reason: 4
2026-06-26 05:02:42.042: [INFO][Sync] Configuring for: Bookmarks, Preferences, Passwords, Autofill Profiles, Autofill, Extensions, Sessions, Extension settings, History Delete Directives, Device Info, User Consents, Send Tab To Self, Web Apps, History, Saved Tab Group, WebAuthn Credentials, Edge E Drop, Edge Hub App Usage, Edge Wallet, Edge Workspace, Encryption Keys, reason: 4, current state: 0
2026-06-26 05:02:42.042: [WARN][Sync] Crypto error data types: Passwords, Autofill Profiles, Autofill
2026-06-26 05:02:42.054: [INFO][Sync] Configure, desired: Bookmarks, Preferences, Extensions, Sessions, Extension settings, History Delete Directives, Device Info, User Consents, Send Tab To Self, Web Apps, History, Saved Tab Group, WebAuthn Credentials, Edge E Drop, Edge Hub App Usage, Edge Wallet, Edge Workspace, Encryption Keys; Allow fail: Passwords, Autofill Profiles, Autofill
2026-06-26 05:02:42.054: [INFO][Sync] Loading: Bookmarks
2026-06-26 05:02:42.054: [INFO][Sync] Loading: Preferences
2026-06-26 05:02:42.054: [INFO][Sync] Loading: Extensions
2026-06-26 05:02:42.054: [INFO][Sync] Loading: Sessions
2026-06-26 05:02:42.054: [INFO][Sync] Loading: Extension settings
2026-06-26 05:02:42.054: [INFO][Sync] Loading: History Delete Directives
2026-06-26 05:02:42.054: [INFO][Sync] Loading: Device Info
2026-06-26 05:02:42.054: [INFO][Sync] Loading: User Consents
2026-06-26 05:02:42.054: [INFO][Sync] Loading: Send Tab To Self
2026-06-26 05:02:42.054: [INFO][Sync] Loading: Web Apps
2026-06-26 05:02:42.054: [INFO][Sync] Loading: History
2026-06-26 05:02:42.054: [INFO][Sync] Loading: Saved Tab Group
2026-06-26 05:02:42.054: [INFO][Sync] Loading: WebAuthn Credentials
2026-06-26 05:02:42.054: [INFO][Sync] Loading: Edge E Drop
2026-06-26 05:02:42.054: [INFO][Sync] Loading: Edge Hub App Usage
2026-06-26 05:02:42.054: [INFO][Sync] Loading: Edge Wallet
2026-06-26 05:02:42.054: [INFO][Sync] Loading: Edge Workspace
2026-06-26 05:02:42.075: [INFO][Sync] All data types are ready for configure.
2026-06-26 05:02:43.735: [INFO][Sync] Started DataTypeManager configuration, reason: 5
2026-06-26 05:02:43.735: [INFO][Sync] Configuring for: Bookmarks, Preferences, Passwords, Autofill Profiles, Autofill, Extensions, Sessions, Extension settings, History Delete Directives, Device Info, User Consents, Send Tab To Self, Web Apps, History, Saved Tab Group, WebAuthn Credentials, Edge E Drop, Edge Hub App Usage, Edge Wallet, Edge Workspace, Encryption Keys, reason: 5, current state: 1
2026-06-26 05:02:43.742: [INFO][SyncEngineBackend::DoStartConfiguration] Start configuration
2026-06-26 05:02:43.742: [INFO][SyncManagerImpl::ConfigureSyncer] Types to download:  with reason: 4
2026-06-26 05:02:43.743: [INFO][SyncEngineBackend::DoFinishConfigureDataTypes] Failed to download types:  and succeeded types: 
2026-06-26 05:02:43.748: [INFO][Sync] ConfigurationDone, failed: , succeeded: , remaining count: 4
2026-06-26 05:02:43.748: [WARN][Sync]     Reconfigure requested while configuration ongoing.
2026-06-26 05:02:43.748: [INFO][Sync] Configuring for: Bookmarks, Preferences, Passwords, Autofill Profiles, Autofill, Extensions, Sessions, Extension settings, History Delete Directives, Device Info, User Consents, Send Tab To Self, Web Apps, History, Saved Tab Group, WebAuthn Credentials, Edge E Drop, Edge Hub App Usage, Edge Wallet, Edge Workspace, Encryption Keys, reason: 5, current state: 2
2026-06-26 05:02:43.748: [INFO][Sync] Configure, desired: Bookmarks, Preferences, Passwords, Autofill Profiles, Autofill, Extensions, Sessions, Extension settings, History Delete Directives, Device Info, User Consents, Send Tab To Self, Web Apps, History, Saved Tab Group, WebAuthn Credentials, Edge E Drop, Edge Hub App Usage, Edge Wallet, Edge Workspace, Encryption Keys; Allow fail: 
2026-06-26 05:02:43.748: [INFO][Sync] Loading: Passwords
2026-06-26 05:02:43.748: [INFO][Sync] Loading: Autofill Profiles
2026-06-26 05:02:43.748: [INFO][Sync] Loading: Autofill
2026-06-26 05:02:43.757: [INFO][Sync] All data types are ready for configure.
2026-06-26 05:02:43.757: [INFO][SyncManagerImpl::NudgeForInitialDownload] Initial download nudge for Passwords
2026-06-26 05:02:43.757: [INFO][SyncManagerImpl::ConfigureSyncer] Types to download:  with reason: 5
2026-06-26 05:02:43.757: [INFO][SyncEngineBackend::DoFinishConfigureDataTypes] Failed to download types:  and succeeded types: 
2026-06-26 05:02:43.757: [INFO][Sync] ConfigurationDone, failed: , succeeded: , remaining count: 4
2026-06-26 05:02:43.757: [INFO][Sync] Prepare to configure types: Passwords, Encryption Keys
2026-06-26 05:02:43.757: [INFO][SyncManagerImpl::ConfigureSyncer] Types to download: Passwords, Encryption Keys with reason: 5
2026-06-26 05:02:43.757: [INFO][SyncSchedulerImpl::DoConfigurationSyncCycleJob] Blocked types:  and types to download: Passwords, Encryption Keys
2026-06-26 05:02:44.127: [INFO][SyncEngineBackend::DoFinishConfigureDataTypes] Failed to download types:  and succeeded types: Passwords, Encryption Keys
2026-06-26 05:02:44.142: [INFO][Sync] ConfigurationDone, failed: , succeeded: Passwords, Encryption Keys, remaining count: 3
2026-06-26 05:02:44.142: [INFO][SyncManagerImpl::ConfigureSyncer] Types to download:  with reason: 5
2026-06-26 05:02:44.142: [INFO][SyncEngineBackend::DoFinishConfigureDataTypes] Failed to download types:  and succeeded types: 
2026-06-26 05:02:44.143: [INFO][Sync] ConfigurationDone, failed: , succeeded: , remaining count: 2
2026-06-26 05:02:44.144: [INFO][SyncManagerImpl::ConfigureSyncer] Types to download:  with reason: 5
2026-06-26 05:02:44.144: [INFO][SyncEngineBackend::DoFinishConfigureDataTypes] Failed to download types:  and succeeded types: 
2026-06-26 05:02:44.151: [INFO][Sync] ConfigurationDone, failed: , succeeded: , remaining count: 1
2026-06-26 05:02:44.162: [INFO][SyncManagerImpl::ConfigureSyncer] Types to download:  with reason: 5
2026-06-26 05:02:44.162: [INFO][SyncEngineBackend::DoFinishConfigureDataTypes] Failed to download types:  and succeeded types: 
2026-06-26 05:02:44.162: [INFO][Sync] ConfigurationDone, failed: , succeeded: , remaining count: 0
2026-06-26 05:02:44.176: [INFO][Sync]     Configuration completed, state: 7
2026-06-26 05:02:44.176: [INFO][Sync] Configured DataTypeManager: Ok
2026-06-26 05:02:44.190: [INFO][SyncEngineBackend::DoStartSyncing] Start syncing
2026-06-26 05:04:12.516: [INFO][Sync] Reset engine, reason: 0
2026-06-26 05:04:12.516: [INFO][Sync] Reset engine with reason: 0
2026-06-26 05:12:31.974: [INFO][Sync] Reset engine, reason: 8
2026-06-26 05:12:31.974: [INFO][Sync] Stopped: Bookmarks
2026-06-26 05:12:31.974: [INFO][Sync] Stopped: Preferences
2026-06-26 05:12:31.974: [INFO][Sync] Stopped: Passwords
2026-06-26 05:12:31.974: [INFO][Sync] Stopped: Autofill Profiles
2026-06-26 05:12:31.974: [INFO][Sync] Stopped: Autofill
2026-06-26 05:12:31.974: [INFO][Sync] Stopped: Extensions
2026-06-26 05:12:31.974: [INFO][Sync] Stopped: Sessions
2026-06-26 05:12:31.974: [INFO][Sync] Stopped: Extension settings
2026-06-26 05:12:31.974: [INFO][Sync] Stopped: History Delete Directives
2026-06-26 05:12:31.974: [INFO][Sync] Stopped: Device Info
2026-06-26 05:12:31.974: [INFO][Sync] Stopped: User Consents
2026-06-26 05:12:31.974: [INFO][Sync] Stopped: Send Tab To Self
2026-06-26 05:12:31.974: [INFO][Sync] Stopped: Web Apps
2026-06-26 05:12:31.974: [INFO][Sync] Stopped: History
2026-06-26 05:12:31.974: [INFO][Sync] Stopped: Saved Tab Group
2026-06-26 05:12:31.974: [INFO][Sync] Stopped: WebAuthn Credentials
2026-06-26 05:12:31.974: [INFO][Sync] Stopped: Edge E Drop
2026-06-26 05:12:31.974: [INFO][Sync] Stopped: Edge Hub App Usage
2026-06-26 05:12:31.974: [INFO][Sync] Stopped: Edge Journey
2026-06-26 05:12:31.974: [INFO][Sync] Stopped: Edge Wallet
2026-06-26 05:12:31.974: [INFO][Sync] Stopped: Edge Workspace
2026-06-26 05:12:31.974: [INFO][Sync] SyncState after authenticated was: NotSignedIn
2026-06-26 05:12:32.310: [INFO][Sync] Reset engine, reason: 8
2026-06-26 05:12:32.310: [INFO][Sync] Stopped: Bookmarks
2026-06-26 05:12:32.310: [INFO][Sync] Stopped: Preferences
2026-06-26 05:12:32.310: [INFO][Sync] Stopped: Passwords
2026-06-26 05:12:32.310: [INFO][Sync] Stopped: Autofill Profiles
2026-06-26 05:12:32.310: [INFO][Sync] Stopped: Autofill
2026-06-26 05:12:32.310: [INFO][Sync] Stopped: Extensions
2026-06-26 05:12:32.310: [INFO][Sync] Stopped: Sessions
2026-06-26 05:12:32.310: [INFO][Sync] Stopped: Extension settings
2026-06-26 05:12:32.310: [INFO][Sync] Stopped: History Delete Directives
2026-06-26 05:12:32.310: [INFO][Sync] Stopped: Device Info
2026-06-26 05:12:32.310: [INFO][Sync] Stopped: User Consents
2026-06-26 05:12:32.310: [INFO][Sync] Stopped: Send Tab To Self
2026-06-26 05:12:32.310: [INFO][Sync] Stopped: Web Apps
2026-06-26 05:12:32.310: [INFO][Sync] Stopped: History
2026-06-26 05:12:32.310: [INFO][Sync] Stopped: Saved Tab Group
2026-06-26 05:12:32.310: [INFO][Sync] Stopped: WebAuthn Credentials
2026-06-26 05:12:32.310: [INFO][Sync] Stopped: Edge E Drop
2026-06-26 05:12:32.310: [INFO][Sync] Stopped: Edge Hub App Usage
2026-06-26 05:12:32.310: [INFO][Sync] Stopped: Edge Journey
2026-06-26 05:12:32.310: [INFO][Sync] Stopped: Edge Wallet
2026-06-26 05:12:32.310: [INFO][Sync] Stopped: Edge Workspace
2026-06-26 05:12:37.612: [INFO][Sync] Try to start sync engine
2026-06-26 05:12:37.616: [INFO][SyncManagerImpl::NudgeForInitialDownload] Initial download nudge for Encryption Keys
2026-06-26 05:12:37.616: [INFO][SyncEngineBackend::LoadAndConnectNigoriController] Load and connect Nigori controller
2026-06-26 05:12:37.616: [INFO][SyncEngineBackend::DoInitialize] Control Types added: Encryption Keys
2026-06-26 05:12:37.616: [INFO][SyncManagerImpl::ConfigureSyncer] Types to download: Encryption Keys with reason: 3
2026-06-26 05:12:37.616: [INFO][SyncSchedulerImpl::DoConfigurationSyncCycleJob] Configure job was blocked
2026-06-26 05:12:37.711: [INFO][SyncAuthManager::SetLastAuthError] Current auth error: None
2026-06-26 05:12:37.711: [INFO][SyncAuthManager::EdgeLogTokenErrorState] Token error with: None for account type: MSA
2026-06-26 05:12:37.711: [INFO][Sync] Credentials changed for: EdgeSyncScopeNew
2026-06-26 05:12:38.463: [INFO][SyncAuthManager::SetLastAuthError] Current auth error: None
2026-06-26 05:12:38.463: [INFO][SyncAuthManager::EdgeLogTokenErrorState] Token error with: None for account type: MSA
2026-06-26 05:12:38.463: [INFO][Sync] Credentials changed for: EdgeSyncKeyDataScope
2026-06-26 05:12:38.463: [INFO][SyncEngineBackend::DoUpdateKeyDataCredentials] Update key data credentials
2026-06-26 05:12:38.463: [INFO][SyncEngineBackend::DoUpdateCredentials] Update credentials
2026-06-26 05:12:38.465: [INFO][SyncSchedulerImpl::DoConfigurationSyncCycleJob] Blocked types:  and types to download: Encryption Keys
2026-06-26 05:12:38.906: [INFO][Sync] Started DataTypeManager configuration, reason: 4
2026-06-26 05:12:38.907: [INFO][Sync] Configuring for: Bookmarks, Preferences, Passwords, Autofill Profiles, Autofill, Extensions, Sessions, Extension settings, History Delete Directives, Device Info, User Consents, Send Tab To Self, Web Apps, History, Saved Tab Group, WebAuthn Credentials, Edge E Drop, Edge Hub App Usage, Edge Wallet, Edge Workspace, Encryption Keys, reason: 4, current state: 0
2026-06-26 05:12:38.907: [WARN][Sync] Crypto error data types: Passwords, Autofill Profiles, Autofill
2026-06-26 05:12:38.918: [INFO][Sync] Configure, desired: Bookmarks, Preferences, Extensions, Sessions, Extension settings, History Delete Directives, Device Info, User Consents, Send Tab To Self, Web Apps, History, Saved Tab Group, WebAuthn Credentials, Edge E Drop, Edge Hub App Usage, Edge Wallet, Edge Workspace, Encryption Keys; Allow fail: Passwords, Autofill Profiles, Autofill
2026-06-26 05:12:38.918: [INFO][Sync] Loading: Bookmarks
2026-06-26 05:12:38.918: [INFO][Sync] Loading: Preferences
2026-06-26 05:12:38.918: [INFO][Sync] Loading: Extensions
2026-06-26 05:12:38.919: [INFO][Sync] Loading: Sessions
2026-06-26 05:12:38.919: [INFO][Sync] Loading: Extension settings
2026-06-26 05:12:38.919: [INFO][Sync] Loading: History Delete Directives
2026-06-26 05:12:38.919: [INFO][Sync] Loading: Device Info
2026-06-26 05:12:38.919: [INFO][Sync] Loading: User Consents
2026-06-26 05:12:38.919: [INFO][Sync] Loading: Send Tab To Self
2026-06-26 05:12:38.919: [INFO][Sync] Loading: Web Apps
2026-06-26 05:12:38.919: [INFO][Sync] Loading: History
2026-06-26 05:12:38.919: [INFO][Sync] Loading: Saved Tab Group
2026-06-26 05:12:38.919: [INFO][Sync] Loading: WebAuthn Credentials
2026-06-26 05:12:38.919: [INFO][Sync] Loading: Edge E Drop
2026-06-26 05:12:38.919: [INFO][Sync] Loading: Edge Hub App Usage
2026-06-26 05:12:38.919: [INFO][Sync] Loading: Edge Wallet
2026-06-26 05:12:38.919: [INFO][Sync] Loading: Edge Workspace
2026-06-26 05:12:38.949: [INFO][Sync] All data types are ready for configure.
2026-06-26 05:12:39.485: [INFO][Sync] Started DataTypeManager configuration, reason: 5
2026-06-26 05:12:39.486: [INFO][Sync] Configuring for: Bookmarks, Preferences, Passwords, Autofill Profiles, Autofill, Extensions, Sessions, Extension settings, History Delete Directives, Device Info, User Consents, Send Tab To Self, Web Apps, History, Saved Tab Group, WebAuthn Credentials, Edge E Drop, Edge Hub App Usage, Edge Wallet, Edge Workspace, Encryption Keys, reason: 5, current state: 1
2026-06-26 05:12:39.495: [INFO][SyncEngineBackend::DoStartConfiguration] Start configuration
2026-06-26 05:12:39.495: [INFO][SyncManagerImpl::NudgeForInitialDownload] Initial download nudge for Bookmarks
2026-06-26 05:12:39.495: [INFO][SyncManagerImpl::NudgeForInitialDownload] Initial download nudge for Preferences
2026-06-26 05:12:39.495: [INFO][SyncManagerImpl::NudgeForInitialDownload] Initial download nudge for Extensions
2026-06-26 05:12:39.495: [INFO][SyncManagerImpl::NudgeForInitialDownload] Initial download nudge for Sessions
2026-06-26 05:12:39.495: [INFO][SyncManagerImpl::NudgeForInitialDownload] Initial download nudge for Extension settings
2026-06-26 05:12:39.495: [INFO][SyncManagerImpl::NudgeForInitialDownload] Initial download nudge for History Delete Directives
2026-06-26 05:12:39.495: [INFO][SyncManagerImpl::NudgeForInitialDownload] Initial download nudge for Device Info
2026-06-26 05:12:39.495: [INFO][SyncManagerImpl::NudgeForInitialDownload] Initial download nudge for Send Tab To Self
2026-06-26 05:12:39.495: [INFO][SyncManagerImpl::NudgeForInitialDownload] Initial download nudge for Web Apps
2026-06-26 05:12:39.495: [INFO][SyncManagerImpl::NudgeForInitialDownload] Initial download nudge for History
2026-06-26 05:12:39.495: [INFO][SyncManagerImpl::NudgeForInitialDownload] Initial download nudge for Saved Tab Group
2026-06-26 05:12:39.495: [INFO][SyncManagerImpl::NudgeForInitialDownload] Initial download nudge for WebAuthn Credentials
2026-06-26 05:12:39.495: [INFO][SyncManagerImpl::NudgeForInitialDownload] Initial download nudge for Edge E Drop
2026-06-26 05:12:39.495: [INFO][SyncManagerImpl::NudgeForInitialDownload] Initial download nudge for Edge Hub App Usage
2026-06-26 05:12:39.495: [INFO][SyncManagerImpl::NudgeForInitialDownload] Initial download nudge for Edge Wallet
2026-06-26 05:12:39.495: [INFO][SyncManagerImpl::NudgeForInitialDownload] Initial download nudge for Edge Workspace
2026-06-26 05:12:39.495: [INFO][SyncManagerImpl::ConfigureSyncer] Types to download:  with reason: 4
2026-06-26 05:12:39.495: [INFO][SyncEngineBackend::DoFinishConfigureDataTypes] Failed to download types:  and succeeded types: 
2026-06-26 05:12:39.510: [INFO][Sync] ConfigurationDone, failed: , succeeded: , remaining count: 4
2026-06-26 05:12:39.510: [WARN][Sync]     Reconfigure requested while configuration ongoing.
2026-06-26 05:12:39.510: [INFO][Sync] Configuring for: Bookmarks, Preferences, Passwords, Autofill Profiles, Autofill, Extensions, Sessions, Extension settings, History Delete Directives, Device Info, User Consents, Send Tab To Self, Web Apps, History, Saved Tab Group, WebAuthn Credentials, Edge E Drop, Edge Hub App Usage, Edge Wallet, Edge Workspace, Encryption Keys, reason: 5, current state: 2
2026-06-26 05:12:39.510: [INFO][Sync] Configure, desired: Bookmarks, Preferences, Passwords, Autofill Profiles, Autofill, Extensions, Sessions, Extension settings, History Delete Directives, Device Info, User Consents, Send Tab To Self, Web Apps, History, Saved Tab Group, WebAuthn Credentials, Edge E Drop, Edge Hub App Usage, Edge Wallet, Edge Workspace, Encryption Keys; Allow fail: 
2026-06-26 05:12:39.510: [INFO][Sync] Loading: Passwords
2026-06-26 05:12:39.510: [INFO][Sync] Loading: Autofill Profiles
2026-06-26 05:12:39.510: [INFO][Sync] Loading: Autofill
2026-06-26 05:12:39.511: [INFO][Sync] All data types are ready for configure.
2026-06-26 05:12:39.511: [INFO][SyncManagerImpl::NudgeForInitialDownload] Initial download nudge for Passwords
2026-06-26 05:12:39.511: [INFO][SyncManagerImpl::NudgeForInitialDownload] Initial download nudge for Autofill Profiles
2026-06-26 05:12:39.511: [INFO][SyncManagerImpl::NudgeForInitialDownload] Initial download nudge for Autofill
2026-06-26 05:12:39.511: [INFO][SyncManagerImpl::ConfigureSyncer] Types to download:  with reason: 5
2026-06-26 05:12:39.511: [INFO][SyncEngineBackend::DoFinishConfigureDataTypes] Failed to download types:  and succeeded types: 
2026-06-26 05:12:39.512: [INFO][Sync] ConfigurationDone, failed: , succeeded: , remaining count: 4
2026-06-26 05:12:39.512: [INFO][Sync] Prepare to configure types: Preferences, Passwords, Device Info, Send Tab To Self, Edge E Drop, Encryption Keys
2026-06-26 05:12:39.512: [INFO][SyncManagerImpl::ConfigureSyncer] Types to download: Preferences, Passwords, Device Info, Send Tab To Self, Edge E Drop, Encryption Keys with reason: 5
2026-06-26 05:12:39.512: [INFO][SyncSchedulerImpl::DoConfigurationSyncCycleJob] Blocked types:  and types to download: Preferences, Passwords, Device Info, Send Tab To Self, Edge E Drop, Encryption Keys
2026-06-26 05:12:40.193: [INFO][SyncEngineBackend::DoFinishConfigureDataTypes] Failed to download types:  and succeeded types: Preferences, Passwords, Device Info, Send Tab To Self, Edge E Drop, Encryption Keys
2026-06-26 05:12:40.221: [INFO][Sync] ConfigurationDone, failed: , succeeded: Preferences, Passwords, Device Info, Send Tab To Self, Edge E Drop, Encryption Keys, remaining count: 3
2026-06-26 05:12:40.221: [INFO][Sync] Prepare to configure types: Bookmarks, Encryption Keys
2026-06-26 05:12:40.221: [INFO][SyncManagerImpl::ConfigureSyncer] Types to download: Bookmarks, Encryption Keys with reason: 5
2026-06-26 05:12:40.221: [INFO][SyncSchedulerImpl::DoConfigurationSyncCycleJob] Blocked types:  and types to download: Bookmarks, Encryption Keys
2026-06-26 05:12:40.444: [INFO][SyncEngineBackend::DoFinishConfigureDataTypes] Failed to download types:  and succeeded types: Bookmarks, Encryption Keys
2026-06-26 05:12:40.473: [INFO][Sync] ConfigurationDone, failed: , succeeded: Bookmarks, Encryption Keys, remaining count: 2
2026-06-26 05:12:40.473: [INFO][Sync] Prepare to configure types: Autofill Profiles, Autofill, Extensions, Sessions, Extension settings, History Delete Directives, Web Apps, Saved Tab Group, WebAuthn Credentials, Edge Hub App Usage, Edge Wallet, Edge Workspace, Encryption Keys
2026-06-26 05:12:40.473: [INFO][SyncManagerImpl::ConfigureSyncer] Types to download: Autofill Profiles, Autofill, Extensions, Sessions, Extension settings, History Delete Directives, Web Apps, Saved Tab Group, WebAuthn Credentials, Edge Hub App Usage, Edge Wallet, Edge Workspace, Encryption Keys with reason: 5
2026-06-26 05:12:40.473: [INFO][SyncSchedulerImpl::DoConfigurationSyncCycleJob] Blocked types:  and types to download: Autofill Profiles, Autofill, Extensions, Sessions, Extension settings, History Delete Directives, Web Apps, Saved Tab Group, WebAuthn Credentials, Edge Hub App Usage, Edge Wallet, Edge Workspace, Encryption Keys
2026-06-26 05:12:41.987: [INFO][SyncEngineBackend::DoFinishConfigureDataTypes] Failed to download types:  and succeeded types: Autofill Profiles, Autofill, Extensions, Sessions, Extension settings, History Delete Directives, Web Apps, Saved Tab Group, WebAuthn Credentials, Edge Hub App Usage, Edge Wallet, Edge Workspace, Encryption Keys
2026-06-26 05:12:42.001: [INFO][Sync] ConfigurationDone, failed: , succeeded: Autofill Profiles, Autofill, Extensions, Sessions, Extension settings, History Delete Directives, Web Apps, Saved Tab Group, WebAuthn Credentials, Edge Hub App Usage, Edge Wallet, Edge Workspace, Encryption Keys, remaining count: 1
2026-06-26 05:12:42.012: [INFO][Sync] Prepare to configure types: History, Encryption Keys
2026-06-26 05:12:42.012: [INFO][SyncManagerImpl::ConfigureSyncer] Types to download: History, Encryption Keys with reason: 5
2026-06-26 05:12:42.012: [INFO][SyncSchedulerImpl::DoConfigurationSyncCycleJob] Blocked types:  and types to download: History, Encryption Keys
2026-06-26 05:12:45.459: [INFO][SyncEngineBackend::DoFinishConfigureDataTypes] Failed to download types:  and succeeded types: History, Encryption Keys
2026-06-26 05:12:45.472: [INFO][Sync] ConfigurationDone, failed: , succeeded: History, Encryption Keys, remaining count: 0
2026-06-26 05:12:45.487: [INFO][Sync]     Configuration completed, state: 7
2026-06-26 05:12:45.488: [INFO][Sync] Configured DataTypeManager: Ok
2026-06-26 05:12:45.501: [INFO][SyncEngineBackend::DoStartSyncing] Start syncing
2026-06-26 05:21:34.553: [INFO][Sync] Reset engine, reason: 0
2026-06-26 05:21:34.553: [INFO][Sync] Reset engine with reason: 0
2026-06-26 05:22:47.495: [INFO][Sync] SyncState after authenticated was: FeatureCanStart
2026-06-26 05:22:50.871: [INFO][SyncAuthManager::SetLastAuthError] Current auth error: None
2026-06-26 05:22:50.871: [INFO][SyncAuthManager::EdgeLogTokenErrorState] Token error with: None for account type: MSA
2026-06-26 05:22:50.871: [INFO][Sync] Credentials changed for: EdgeSyncKeyDataScope
2026-06-26 05:22:57.890: [INFO][Sync] Try to start sync engine
2026-06-26 05:22:57.893: [INFO][SyncManagerImpl::NudgeForInitialDownload] Initial download nudge for Encryption Keys
2026-06-26 05:22:57.893: [INFO][SyncEngineBackend::LoadAndConnectNigoriController] Load and connect Nigori controller
2026-06-26 05:22:57.893: [INFO][SyncEngineBackend::DoInitialize] Control Types added: Encryption Keys
2026-06-26 05:22:57.893: [INFO][SyncManagerImpl::ConfigureSyncer] Types to download: Encryption Keys with reason: 3
2026-06-26 05:22:57.893: [INFO][SyncEngineBackend::DoUpdateKeyDataCredentials] Update key data credentials
2026-06-26 05:22:57.893: [INFO][SyncSchedulerImpl::DoConfigurationSyncCycleJob] Configure job was blocked
2026-06-26 05:22:57.901: [INFO][SyncAuthManager::SetLastAuthError] Current auth error: None
2026-06-26 05:22:57.901: [INFO][SyncAuthManager::EdgeLogTokenErrorState] Token error with: None for account type: MSA
2026-06-26 05:22:57.901: [INFO][Sync] Credentials changed for: EdgeSyncScopeNew
2026-06-26 05:22:57.901: [INFO][SyncEngineBackend::DoUpdateCredentials] Update credentials
2026-06-26 05:22:57.901: [INFO][SyncSchedulerImpl::DoConfigurationSyncCycleJob] Blocked types:  and types to download: Encryption Keys
2026-06-26 05:22:58.734: [INFO][SyncEngineBackend::DoUpdateKeyDataCredentials] Update key data credentials
2026-06-26 05:22:58.815: [INFO][Sync] Started DataTypeManager configuration, reason: 4
2026-06-26 05:22:58.815: [INFO][Sync] Configuring for: Bookmarks, Preferences, Passwords, Autofill Profiles, Autofill, Extensions, Sessions, Extension settings, History Delete Directives, Device Info, User Consents, Send Tab To Self, Web Apps, History, Saved Tab Group, WebAuthn Credentials, Edge E Drop, Edge Hub App Usage, Edge Wallet, Edge Workspace, Encryption Keys, reason: 4, current state: 0
2026-06-26 05:22:58.815: [WARN][Sync] Crypto error data types: Passwords, Autofill Profiles, Autofill
2026-06-26 05:22:58.829: [INFO][Sync] Configure, desired: Bookmarks, Preferences, Extensions, Sessions, Extension settings, History Delete Directives, Device Info, User Consents, Send Tab To Self, Web Apps, History, Saved Tab Group, WebAuthn Credentials, Edge E Drop, Edge Hub App Usage, Edge Wallet, Edge Workspace, Encryption Keys; Allow fail: Passwords, Autofill Profiles, Autofill
2026-06-26 05:22:58.829: [INFO][Sync] Loading: Bookmarks
2026-06-26 05:22:58.829: [INFO][Sync] Loading: Preferences
2026-06-26 05:22:58.829: [INFO][Sync] Loading: Extensions
2026-06-26 05:22:58.829: [INFO][Sync] Loading: Sessions
2026-06-26 05:22:58.829: [INFO][Sync] Loading: Extension settings
2026-06-26 05:22:58.829: [INFO][Sync] Loading: History Delete Directives
2026-06-26 05:22:58.829: [INFO][Sync] Loading: Device Info
2026-06-26 05:22:58.830: [INFO][Sync] Loading: User Consents
2026-06-26 05:22:58.830: [INFO][Sync] Loading: Send Tab To Self
2026-06-26 05:22:58.830: [INFO][Sync] Loading: Web Apps
2026-06-26 05:22:58.830: [INFO][Sync] Loading: History
2026-06-26 05:22:58.830: [INFO][Sync] Loading: Saved Tab Group
2026-06-26 05:22:58.830: [INFO][Sync] Loading: WebAuthn Credentials
2026-06-26 05:22:58.830: [INFO][Sync] Loading: Edge E Drop
2026-06-26 05:22:58.830: [INFO][Sync] Loading: Edge Hub App Usage
2026-06-26 05:22:58.830: [INFO][Sync] Loading: Edge Wallet
2026-06-26 05:22:58.830: [INFO][Sync] Loading: Edge Workspace
2026-06-26 05:22:58.858: [INFO][Sync] All data types are ready for configure.
2026-06-26 05:23:00.560: [INFO][Sync] Started DataTypeManager configuration, reason: 5
2026-06-26 05:23:00.560: [INFO][Sync] Configuring for: Bookmarks, Preferences, Passwords, Autofill Profiles, Autofill, Extensions, Sessions, Extension settings, History Delete Directives, Device Info, User Consents, Send Tab To Self, Web Apps, History, Saved Tab Group, WebAuthn Credentials, Edge E Drop, Edge Hub App Usage, Edge Wallet, Edge Workspace, Encryption Keys, reason: 5, current state: 1
2026-06-26 05:23:00.565: [INFO][SyncEngineBackend::DoStartConfiguration] Start configuration
2026-06-26 05:23:00.566: [INFO][SyncManagerImpl::ConfigureSyncer] Types to download:  with reason: 4
2026-06-26 05:23:00.566: [INFO][SyncEngineBackend::DoFinishConfigureDataTypes] Failed to download types:  and succeeded types: 
2026-06-26 05:23:00.584: [INFO][Sync] ConfigurationDone, failed: , succeeded: , remaining count: 4
2026-06-26 05:23:00.584: [WARN][Sync]     Reconfigure requested while configuration ongoing.
2026-06-26 05:23:00.584: [INFO][Sync] Configuring for: Bookmarks, Preferences, Passwords, Autofill Profiles, Autofill, Extensions, Sessions, Extension settings, History Delete Directives, Device Info, User Consents, Send Tab To Self, Web Apps, History, Saved Tab Group, WebAuthn Credentials, Edge E Drop, Edge Hub App Usage, Edge Wallet, Edge Workspace, Encryption Keys, reason: 5, current state: 2
2026-06-26 05:23:00.584: [INFO][Sync] Configure, desired: Bookmarks, Preferences, Passwords, Autofill Profiles, Autofill, Extensions, Sessions, Extension settings, History Delete Directives, Device Info, User Consents, Send Tab To Self, Web Apps, History, Saved Tab Group, WebAuthn Credentials, Edge E Drop, Edge Hub App Usage, Edge Wallet, Edge Workspace, Encryption Keys; Allow fail: 
2026-06-26 05:23:00.584: [INFO][Sync] Loading: Passwords
2026-06-26 05:23:00.585: [INFO][Sync] Loading: Autofill Profiles
2026-06-26 05:23:00.585: [INFO][Sync] Loading: Autofill
2026-06-26 05:23:00.585: [INFO][Sync] All data types are ready for configure.
2026-06-26 05:23:00.585: [INFO][SyncManagerImpl::NudgeForInitialDownload] Initial download nudge for Passwords
2026-06-26 05:23:00.585: [INFO][SyncManagerImpl::ConfigureSyncer] Types to download:  with reason: 5
2026-06-26 05:23:00.585: [INFO][SyncEngineBackend::DoFinishConfigureDataTypes] Failed to download types:  and succeeded types: 
2026-06-26 05:23:00.586: [INFO][Sync] ConfigurationDone, failed: , succeeded: , remaining count: 4
2026-06-26 05:23:00.586: [INFO][Sync] Prepare to configure types: Passwords, Encryption Keys
2026-06-26 05:23:00.586: [INFO][SyncManagerImpl::ConfigureSyncer] Types to download: Passwords, Encryption Keys with reason: 5
2026-06-26 05:23:00.586: [INFO][SyncSchedulerImpl::DoConfigurationSyncCycleJob] Blocked types:  and types to download: Passwords, Encryption Keys
2026-06-26 05:23:00.875: [INFO][SyncEngineBackend::DoFinishConfigureDataTypes] Failed to download types:  and succeeded types: Passwords, Encryption Keys
2026-06-26 05:23:00.887: [INFO][Sync] ConfigurationDone, failed: , succeeded: Passwords, Encryption Keys, remaining count: 3
2026-06-26 05:23:00.887: [INFO][SyncManagerImpl::ConfigureSyncer] Types to download:  with reason: 5
2026-06-26 05:23:00.888: [INFO][SyncEngineBackend::DoFinishConfigureDataTypes] Failed to download types:  and succeeded types: 
2026-06-26 05:23:00.888: [INFO][Sync] ConfigurationDone, failed: , succeeded: , remaining count: 2
2026-06-26 05:23:00.888: [INFO][SyncManagerImpl::ConfigureSyncer] Types to download:  with reason: 5
2026-06-26 05:23:00.888: [INFO][SyncEngineBackend::DoFinishConfigureDataTypes] Failed to download types:  and succeeded types: 
2026-06-26 05:23:00.888: [INFO][Sync] ConfigurationDone, failed: , succeeded: , remaining count: 1
2026-06-26 05:23:00.905: [INFO][SyncManagerImpl::ConfigureSyncer] Types to download:  with reason: 5
2026-06-26 05:23:00.905: [INFO][SyncEngineBackend::DoFinishConfigureDataTypes] Failed to download types:  and succeeded types: 
2026-06-26 05:23:00.905: [INFO][Sync] ConfigurationDone, failed: , succeeded: , remaining count: 0
2026-06-26 05:23:00.925: [INFO][Sync]     Configuration completed, state: 7
2026-06-26 05:23:00.926: [INFO][Sync] Configured DataTypeManager: Ok
2026-06-26 05:23:00.942: [INFO][SyncEngineBackend::DoStartSyncing] Start syncing
2026-06-26 05:57:27.808: [INFO][Sync] Reset engine, reason: 0
2026-06-26 05:57:27.808: [INFO][Sync] Reset engine with reason: 0
2026-06-26 05:59:25.592: [INFO][Sync] Reset engine, reason: 8
2026-06-26 05:59:25.592: [INFO][Sync] Stopped: Bookmarks
2026-06-26 05:59:25.592: [INFO][Sync] Stopped: Preferences
2026-06-26 05:59:25.592: [INFO][Sync] Stopped: Passwords
2026-06-26 05:59:25.592: [INFO][Sync] Stopped: Autofill Profiles
2026-06-26 05:59:25.592: [INFO][Sync] Stopped: Autofill
2026-06-26 05:59:25.592: [INFO][Sync] Stopped: Extensions
2026-06-26 05:59:25.592: [INFO][Sync] Stopped: Sessions
2026-06-26 05:59:25.592: [INFO][Sync] Stopped: Extension settings
2026-06-26 05:59:25.592: [INFO][Sync] Stopped: History Delete Directives
2026-06-26 05:59:25.592: [INFO][Sync] Stopped: Device Info
2026-06-26 05:59:25.592: [INFO][Sync] Stopped: User Consents
2026-06-26 05:59:25.592: [INFO][Sync] Stopped: Send Tab To Self
2026-06-26 05:59:25.592: [INFO][Sync] Stopped: Web Apps
2026-06-26 05:59:25.592: [INFO][Sync] Stopped: History
2026-06-26 05:59:25.592: [INFO][Sync] Stopped: Saved Tab Group
2026-06-26 05:59:25.592: [INFO][Sync] Stopped: WebAuthn Credentials
2026-06-26 05:59:25.592: [INFO][Sync] Stopped: Edge E Drop
2026-06-26 05:59:25.592: [INFO][Sync] Stopped: Edge Hub App Usage
2026-06-26 05:59:25.592: [INFO][Sync] Stopped: Edge Journey
2026-06-26 05:59:25.592: [INFO][Sync] Stopped: Edge Wallet
2026-06-26 05:59:25.592: [INFO][Sync] Stopped: Edge Workspace
2026-06-26 05:59:25.592: [INFO][Sync] SyncState after authenticated was: NotSignedIn
2026-06-26 05:59:26.087: [INFO][Sync] Reset engine, reason: 8
2026-06-26 05:59:26.087: [INFO][Sync] Stopped: Bookmarks
2026-06-26 05:59:26.087: [INFO][Sync] Stopped: Preferences
2026-06-26 05:59:26.087: [INFO][Sync] Stopped: Passwords
2026-06-26 05:59:26.087: [INFO][Sync] Stopped: Autofill Profiles
2026-06-26 05:59:26.087: [INFO][Sync] Stopped: Autofill
2026-06-26 05:59:26.087: [INFO][Sync] Stopped: Extensions
2026-06-26 05:59:26.087: [INFO][Sync] Stopped: Sessions
2026-06-26 05:59:26.087: [INFO][Sync] Stopped: Extension settings
2026-06-26 05:59:26.087: [INFO][Sync] Stopped: History Delete Directives
2026-06-26 05:59:26.087: [INFO][Sync] Stopped: Device Info
2026-06-26 05:59:26.087: [INFO][Sync] Stopped: User Consents
2026-06-26 05:59:26.087: [INFO][Sync] Stopped: Send Tab To Self
2026-06-26 05:59:26.087: [INFO][Sync] Stopped: Web Apps
2026-06-26 05:59:26.087: [INFO][Sync] Stopped: History
2026-06-26 05:59:26.087: [INFO][Sync] Stopped: Saved Tab Group
2026-06-26 05:59:26.087: [INFO][Sync] Stopped: WebAuthn Credentials
2026-06-26 05:59:26.087: [INFO][Sync] Stopped: Edge E Drop
2026-06-26 05:59:26.087: [INFO][Sync] Stopped: Edge Hub App Usage
2026-06-26 05:59:26.087: [INFO][Sync] Stopped: Edge Journey
2026-06-26 05:59:26.087: [INFO][Sync] Stopped: Edge Wallet
2026-06-26 05:59:26.087: [INFO][Sync] Stopped: Edge Workspace
2026-06-26 05:59:27.777: [INFO][Sync] Try to start sync engine
2026-06-26 05:59:27.781: [INFO][SyncManagerImpl::NudgeForInitialDownload] Initial download nudge for Encryption Keys
2026-06-26 05:59:27.781: [INFO][SyncEngineBackend::LoadAndConnectNigoriController] Load and connect Nigori controller
2026-06-26 05:59:27.781: [INFO][SyncEngineBackend::DoInitialize] Control Types added: Encryption Keys
2026-06-26 05:59:27.781: [INFO][SyncManagerImpl::ConfigureSyncer] Types to download: Encryption Keys with reason: 3
2026-06-26 05:59:27.781: [INFO][SyncSchedulerImpl::DoConfigurationSyncCycleJob] Configure job was blocked
2026-06-26 05:59:27.932: [INFO][SyncAuthManager::SetLastAuthError] Current auth error: None
2026-06-26 05:59:27.932: [INFO][SyncAuthManager::EdgeLogTokenErrorState] Token error with: None for account type: MSA
2026-06-26 05:59:27.932: [INFO][Sync] Credentials changed for: EdgeSyncScopeNew
2026-06-26 05:59:27.964: [INFO][SyncAuthManager::SetLastAuthError] Current auth error: None
2026-06-26 05:59:27.964: [INFO][SyncAuthManager::EdgeLogTokenErrorState] Token error with: None for account type: MSA
2026-06-26 05:59:27.964: [INFO][Sync] Credentials changed for: EdgeSyncKeyDataScope
2026-06-26 05:59:27.964: [INFO][SyncEngineBackend::DoUpdateKeyDataCredentials] Update key data credentials
2026-06-26 05:59:27.964: [INFO][SyncEngineBackend::DoUpdateCredentials] Update credentials
2026-06-26 05:59:27.964: [INFO][SyncSchedulerImpl::DoConfigurationSyncCycleJob] Blocked types:  and types to download: Encryption Keys
2026-06-26 05:59:28.496: [INFO][Sync] Started DataTypeManager configuration, reason: 4
2026-06-26 05:59:28.496: [INFO][Sync] Configuring for: Bookmarks, Preferences, Passwords, Autofill Profiles, Autofill, Extensions, Sessions, Extension settings, History Delete Directives, Device Info, User Consents, Send Tab To Self, Web Apps, History, Saved Tab Group, WebAuthn Credentials, Edge E Drop, Edge Hub App Usage, Edge Wallet, Edge Workspace, Encryption Keys, reason: 4, current state: 0
2026-06-26 05:59:28.496: [WARN][Sync] Crypto error data types: Passwords, Autofill Profiles, Autofill
2026-06-26 05:59:28.521: [INFO][Sync] Configure, desired: Bookmarks, Preferences, Extensions, Sessions, Extension settings, History Delete Directives, Device Info, User Consents, Send Tab To Self, Web Apps, History, Saved Tab Group, WebAuthn Credentials, Edge E Drop, Edge Hub App Usage, Edge Wallet, Edge Workspace, Encryption Keys; Allow fail: Passwords, Autofill Profiles, Autofill
2026-06-26 05:59:28.521: [INFO][Sync] Loading: Bookmarks
2026-06-26 05:59:28.521: [INFO][Sync] Loading: Preferences
2026-06-26 05:59:28.521: [INFO][Sync] Loading: Extensions
2026-06-26 05:59:28.522: [INFO][Sync] Loading: Sessions
2026-06-26 05:59:28.522: [INFO][Sync] Loading: Extension settings
2026-06-26 05:59:28.522: [INFO][Sync] Loading: History Delete Directives
2026-06-26 05:59:28.522: [INFO][Sync] Loading: Device Info
2026-06-26 05:59:28.522: [INFO][Sync] Loading: User Consents
2026-06-26 05:59:28.522: [INFO][Sync] Loading: Send Tab To Self
2026-06-26 05:59:28.522: [INFO][Sync] Loading: Web Apps
2026-06-26 05:59:28.522: [INFO][Sync] Loading: History
2026-06-26 05:59:28.522: [INFO][Sync] Loading: Saved Tab Group
2026-06-26 05:59:28.522: [INFO][Sync] Loading: WebAuthn Credentials
2026-06-26 05:59:28.522: [INFO][Sync] Loading: Edge E Drop
2026-06-26 05:59:28.522: [INFO][Sync] Loading: Edge Hub App Usage
2026-06-26 05:59:28.522: [INFO][Sync] Loading: Edge Wallet
2026-06-26 05:59:28.522: [INFO][Sync] Loading: Edge Workspace
2026-06-26 05:59:28.575: [INFO][Sync] All data types are ready for configure.
2026-06-26 05:59:31.026: [INFO][Sync] Started DataTypeManager configuration, reason: 5
2026-06-26 05:59:31.026: [INFO][Sync] Configuring for: Bookmarks, Preferences, Passwords, Autofill Profiles, Autofill, Extensions, Sessions, Extension settings, History Delete Directives, Device Info, User Consents, Send Tab To Self, Web Apps, History, Saved Tab Group, WebAuthn Credentials, Edge E Drop, Edge Hub App Usage, Edge Wallet, Edge Workspace, Encryption Keys, reason: 5, current state: 1
2026-06-26 05:59:31.166: [INFO][SyncEngineBackend::DoStartConfiguration] Start configuration
2026-06-26 05:59:31.166: [INFO][SyncManagerImpl::NudgeForInitialDownload] Initial download nudge for Bookmarks
2026-06-26 05:59:31.167: [INFO][SyncManagerImpl::NudgeForInitialDownload] Initial download nudge for Preferences
2026-06-26 05:59:31.167: [INFO][SyncManagerImpl::NudgeForInitialDownload] Initial download nudge for Extensions
2026-06-26 05:59:31.167: [INFO][SyncManagerImpl::NudgeForInitialDownload] Initial download nudge for Sessions
2026-06-26 05:59:31.167: [INFO][SyncManagerImpl::NudgeForInitialDownload] Initial download nudge for Extension settings
2026-06-26 05:59:31.167: [INFO][SyncManagerImpl::NudgeForInitialDownload] Initial download nudge for History Delete Directives
2026-06-26 05:59:31.167: [INFO][SyncManagerImpl::NudgeForInitialDownload] Initial download nudge for Device Info
2026-06-26 05:59:31.167: [INFO][SyncManagerImpl::NudgeForInitialDownload] Initial download nudge for Send Tab To Self
2026-06-26 05:59:31.167: [INFO][SyncManagerImpl::NudgeForInitialDownload] Initial download nudge for Web Apps
2026-06-26 05:59:31.167: [INFO][SyncManagerImpl::NudgeForInitialDownload] Initial download nudge for History
2026-06-26 05:59:31.167: [INFO][SyncManagerImpl::NudgeForInitialDownload] Initial download nudge for Saved Tab Group
2026-06-26 05:59:31.167: [INFO][SyncManagerImpl::NudgeForInitialDownload] Initial download nudge for WebAuthn Credentials
2026-06-26 05:59:31.167: [INFO][SyncManagerImpl::NudgeForInitialDownload] Initial download nudge for Edge E Drop
2026-06-26 05:59:31.167: [INFO][SyncManagerImpl::NudgeForInitialDownload] Initial download nudge for Edge Hub App Usage
2026-06-26 05:59:31.167: [INFO][SyncManagerImpl::NudgeForInitialDownload] Initial download nudge for Edge Wallet
2026-06-26 05:59:31.167: [INFO][SyncManagerImpl::NudgeForInitialDownload] Initial download nudge for Edge Workspace
2026-06-26 05:59:31.167: [INFO][SyncManagerImpl::ConfigureSyncer] Types to download:  with reason: 4
2026-06-26 05:59:31.167: [INFO][SyncEngineBackend::DoFinishConfigureDataTypes] Failed to download types:  and succeeded types: 
2026-06-26 05:59:31.167: [INFO][Sync] ConfigurationDone, failed: , succeeded: , remaining count: 4
2026-06-26 05:59:31.167: [WARN][Sync]     Reconfigure requested while configuration ongoing.
2026-06-26 05:59:31.167: [INFO][Sync] Configuring for: Bookmarks, Preferences, Passwords, Autofill Profiles, Autofill, Extensions, Sessions, Extension settings, History Delete Directives, Device Info, User Consents, Send Tab To Self, Web Apps, History, Saved Tab Group, WebAuthn Credentials, Edge E Drop, Edge Hub App Usage, Edge Wallet, Edge Workspace, Encryption Keys, reason: 5, current state: 2
2026-06-26 05:59:31.167: [INFO][Sync] Configure, desired: Bookmarks, Preferences, Passwords, Autofill Profiles, Autofill, Extensions, Sessions, Extension settings, History Delete Directives, Device Info, User Consents, Send Tab To Self, Web Apps, History, Saved Tab Group, WebAuthn Credentials, Edge E Drop, Edge Hub App Usage, Edge Wallet, Edge Workspace, Encryption Keys; Allow fail: 
2026-06-26 05:59:31.167: [INFO][Sync] Loading: Passwords
2026-06-26 05:59:31.167: [INFO][Sync] Loading: Autofill Profiles
2026-06-26 05:59:31.167: [INFO][Sync] Loading: Autofill
2026-06-26 05:59:31.167: [INFO][Sync] All data types are ready for configure.
2026-06-26 05:59:31.167: [INFO][SyncManagerImpl::NudgeForInitialDownload] Initial download nudge for Passwords
2026-06-26 05:59:31.248: [INFO][SyncManagerImpl::NudgeForInitialDownload] Initial download nudge for Autofill Profiles
2026-06-26 05:59:31.248: [INFO][SyncManagerImpl::NudgeForInitialDownload] Initial download nudge for Autofill
2026-06-26 05:59:31.248: [INFO][SyncManagerImpl::ConfigureSyncer] Types to download:  with reason: 5
2026-06-26 05:59:31.248: [INFO][SyncEngineBackend::DoFinishConfigureDataTypes] Failed to download types:  and succeeded types: 
2026-06-26 05:59:31.248: [INFO][Sync] ConfigurationDone, failed: , succeeded: , remaining count: 4
2026-06-26 05:59:31.248: [INFO][Sync] Prepare to configure types: Preferences, Passwords, Device Info, Send Tab To Self, Edge E Drop, Encryption Keys
2026-06-26 05:59:31.248: [INFO][SyncManagerImpl::ConfigureSyncer] Types to download: Preferences, Passwords, Device Info, Send Tab To Self, Edge E Drop, Encryption Keys with reason: 5
2026-06-26 05:59:31.248: [INFO][SyncSchedulerImpl::DoConfigurationSyncCycleJob] Blocked types:  and types to download: Preferences, Passwords, Device Info, Send Tab To Self, Edge E Drop, Encryption Keys
2026-06-26 05:59:31.878: [INFO][SyncEngineBackend::DoFinishConfigureDataTypes] Failed to download types:  and succeeded types: Preferences, Passwords, Device Info, Send Tab To Self, Edge E Drop, Encryption Keys
2026-06-26 05:59:31.897: [INFO][Sync] ConfigurationDone, failed: , succeeded: Preferences, Passwords, Device Info, Send Tab To Self, Edge E Drop, Encryption Keys, remaining count: 3
2026-06-26 05:59:31.897: [INFO][Sync] Prepare to configure types: Bookmarks, Encryption Keys
2026-06-26 05:59:31.897: [INFO][SyncManagerImpl::ConfigureSyncer] Types to download: Bookmarks, Encryption Keys with reason: 5
2026-06-26 05:59:31.897: [INFO][SyncSchedulerImpl::DoConfigurationSyncCycleJob] Blocked types:  and types to download: Bookmarks, Encryption Keys
2026-06-26 05:59:32.037: [INFO][SyncEngineBackend::DoFinishConfigureDataTypes] Failed to download types:  and succeeded types: Bookmarks, Encryption Keys
2026-06-26 05:59:32.060: [INFO][Sync] ConfigurationDone, failed: , succeeded: Bookmarks, Encryption Keys, remaining count: 2
2026-06-26 05:59:32.060: [INFO][Sync] Prepare to configure types: Autofill Profiles, Autofill, Extensions, Sessions, Extension settings, History Delete Directives, Web Apps, Saved Tab Group, WebAuthn Credentials, Edge Hub App Usage, Edge Wallet, Edge Workspace, Encryption Keys
2026-06-26 05:59:32.060: [INFO][SyncManagerImpl::ConfigureSyncer] Types to download: Autofill Profiles, Autofill, Extensions, Sessions, Extension settings, History Delete Directives, Web Apps, Saved Tab Group, WebAuthn Credentials, Edge Hub App Usage, Edge Wallet, Edge Workspace, Encryption Keys with reason: 5
2026-06-26 05:59:32.060: [INFO][SyncSchedulerImpl::DoConfigurationSyncCycleJob] Blocked types:  and types to download: Autofill Profiles, Autofill, Extensions, Sessions, Extension settings, History Delete Directives, Web Apps, Saved Tab Group, WebAuthn Credentials, Edge Hub App Usage, Edge Wallet, Edge Workspace, Encryption Keys
2026-06-26 05:59:33.273: [INFO][SyncEngineBackend::DoFinishConfigureDataTypes] Failed to download types:  and succeeded types: Autofill Profiles, Autofill, Extensions, Sessions, Extension settings, History Delete Directives, Web Apps, Saved Tab Group, WebAuthn Credentials, Edge Hub App Usage, Edge Wallet, Edge Workspace, Encryption Keys
2026-06-26 05:59:33.293: [INFO][Sync] ConfigurationDone, failed: , succeeded: Autofill Profiles, Autofill, Extensions, Sessions, Extension settings, History Delete Directives, Web Apps, Saved Tab Group, WebAuthn Credentials, Edge Hub App Usage, Edge Wallet, Edge Workspace, Encryption Keys, remaining count: 1
2026-06-26 05:59:33.313: [INFO][Sync] Prepare to configure types: History, Encryption Keys
2026-06-26 05:59:33.313: [INFO][SyncManagerImpl::ConfigureSyncer] Types to download: History, Encryption Keys with reason: 5
2026-06-26 05:59:33.313: [INFO][SyncSchedulerImpl::DoConfigurationSyncCycleJob] Blocked types:  and types to download: History, Encryption Keys
2026-06-26 05:59:35.613: [INFO][SyncEngineBackend::DoFinishConfigureDataTypes] Failed to download types:  and succeeded types: History, Encryption Keys
2026-06-26 05:59:35.634: [INFO][Sync] ConfigurationDone, failed: , succeeded: History, Encryption Keys, remaining count: 0
2026-06-26 05:59:35.653: [INFO][Sync]     Configuration completed, state: 7
2026-06-26 05:59:35.658: [INFO][Sync] Configured DataTypeManager: Ok
2026-06-26 05:59:35.678: [INFO][SyncEngineBackend::DoStartSyncing] Start syncing
2026-06-26 06:05:00.273: [INFO][Sync] Reset engine, reason: 0
2026-06-26 06:05:00.273: [INFO][Sync] Reset engine with reason: 0
2026-06-26 06:06:37.394: [INFO][Sync] SyncState after authenticated was: FeatureCanStart
2026-06-26 06:06:44.167: [INFO][SyncAuthManager::SetLastAuthError] Current auth error: None
2026-06-26 06:06:44.167: [INFO][SyncAuthManager::EdgeLogTokenErrorState] Token error with: None for account type: MSA
2026-06-26 06:06:44.167: [INFO][Sync] Credentials changed for: EdgeSyncKeyDataScope
2026-06-26 06:06:47.776: [INFO][Sync] Try to start sync engine
2026-06-26 06:06:47.841: [INFO][SyncManagerImpl::NudgeForInitialDownload] Initial download nudge for Encryption Keys
2026-06-26 06:06:47.841: [INFO][SyncEngineBackend::LoadAndConnectNigoriController] Load and connect Nigori controller
2026-06-26 06:06:47.841: [INFO][SyncEngineBackend::DoInitialize] Control Types added: Encryption Keys
2026-06-26 06:06:47.841: [INFO][SyncManagerImpl::ConfigureSyncer] Types to download: Encryption Keys with reason: 3
2026-06-26 06:06:47.841: [INFO][SyncEngineBackend::DoUpdateKeyDataCredentials] Update key data credentials
2026-06-26 06:06:47.864: [INFO][SyncAuthManager::SetLastAuthError] Current auth error: None
2026-06-26 06:06:47.864: [INFO][SyncAuthManager::EdgeLogTokenErrorState] Token error with: None for account type: MSA
2026-06-26 06:06:47.864: [INFO][Sync] Credentials changed for: EdgeSyncScopeNew
2026-06-26 06:06:47.888: [INFO][SyncSchedulerImpl::DoConfigurationSyncCycleJob] Configure job was blocked
2026-06-26 06:06:47.888: [INFO][SyncEngineBackend::DoUpdateCredentials] Update credentials
2026-06-26 06:06:47.888: [INFO][SyncEngineBackend::DoUpdateKeyDataCredentials] Update key data credentials
2026-06-26 06:06:47.888: [INFO][SyncSchedulerImpl::DoConfigurationSyncCycleJob] Blocked types:  and types to download: Encryption Keys
2026-06-26 06:06:50.787: [INFO][Sync] Started DataTypeManager configuration, reason: 4
2026-06-26 06:06:50.845: [INFO][Sync] Configuring for: Bookmarks, Preferences, Passwords, Autofill Profiles, Autofill, Extensions, Sessions, Extension settings, History Delete Directives, Device Info, User Consents, Send Tab To Self, Web Apps, History, Saved Tab Group, WebAuthn Credentials, Edge E Drop, Edge Hub App Usage, Edge Wallet, Edge Workspace, Encryption Keys, reason: 4, current state: 0
2026-06-26 06:06:50.845: [WARN][Sync] Crypto error data types: Passwords, Autofill Profiles, Autofill
2026-06-26 06:06:50.862: [INFO][Sync] Configure, desired: Bookmarks, Preferences, Extensions, Sessions, Extension settings, History Delete Directives, Device Info, User Consents, Send Tab To Self, Web Apps, History, Saved Tab Group, WebAuthn Credentials, Edge E Drop, Edge Hub App Usage, Edge Wallet, Edge Workspace, Encryption Keys; Allow fail: Passwords, Autofill Profiles, Autofill
2026-06-26 06:06:50.862: [INFO][Sync] Loading: Bookmarks
2026-06-26 06:06:50.863: [INFO][Sync] Loading: Preferences
2026-06-26 06:06:50.863: [INFO][Sync] Loading: Extensions
2026-06-26 06:06:50.863: [INFO][Sync] Loading: Sessions
2026-06-26 06:06:50.863: [INFO][Sync] Loading: Extension settings
2026-06-26 06:06:50.863: [INFO][Sync] Loading: History Delete Directives
2026-06-26 06:06:50.863: [INFO][Sync] Loading: Device Info
2026-06-26 06:06:50.863: [INFO][Sync] Loading: User Consents
2026-06-26 06:06:50.863: [INFO][Sync] Loading: Send Tab To Self
2026-06-26 06:06:50.863: [INFO][Sync] Loading: Web Apps
2026-06-26 06:06:50.863: [INFO][Sync] Loading: History
2026-06-26 06:06:50.863: [INFO][Sync] Loading: Saved Tab Group
2026-06-26 06:06:50.863: [INFO][Sync] Loading: WebAuthn Credentials
2026-06-26 06:06:50.863: [INFO][Sync] Loading: Edge E Drop
2026-06-26 06:06:50.863: [INFO][Sync] Loading: Edge Hub App Usage
2026-06-26 06:06:50.863: [INFO][Sync] Loading: Edge Wallet
2026-06-26 06:06:50.863: [INFO][Sync] Loading: Edge Workspace
2026-06-26 06:06:50.897: [INFO][Sync] All data types are ready for configure.
2026-06-26 06:06:52.744: [INFO][Sync] Started DataTypeManager configuration, reason: 5
2026-06-26 06:06:52.744: [INFO][Sync] Configuring for: Bookmarks, Preferences, Passwords, Autofill Profiles, Autofill, Extensions, Sessions, Extension settings, History Delete Directives, Device Info, User Consents, Send Tab To Self, Web Apps, History, Saved Tab Group, WebAuthn Credentials, Edge E Drop, Edge Hub App Usage, Edge Wallet, Edge Workspace, Encryption Keys, reason: 5, current state: 1
2026-06-26 06:06:52.746: [INFO][SyncEngineBackend::DoStartConfiguration] Start configuration
2026-06-26 06:06:52.747: [INFO][SyncManagerImpl::ConfigureSyncer] Types to download:  with reason: 4
2026-06-26 06:06:52.747: [INFO][SyncEngineBackend::DoFinishConfigureDataTypes] Failed to download types:  and succeeded types: 
2026-06-26 06:06:52.754: [INFO][Sync] ConfigurationDone, failed: , succeeded: , remaining count: 4
2026-06-26 06:06:52.754: [WARN][Sync]     Reconfigure requested while configuration ongoing.
2026-06-26 06:06:52.754: [INFO][Sync] Configuring for: Bookmarks, Preferences, Passwords, Autofill Profiles, Autofill, Extensions, Sessions, Extension settings, History Delete Directives, Device Info, User Consents, Send Tab To Self, Web Apps, History, Saved Tab Group, WebAuthn Credentials, Edge E Drop, Edge Hub App Usage, Edge Wallet, Edge Workspace, Encryption Keys, reason: 5, current state: 2
2026-06-26 06:06:52.754: [INFO][Sync] Configure, desired: Bookmarks, Preferences, Passwords, Autofill Profiles, Autofill, Extensions, Sessions, Extension settings, History Delete Directives, Device Info, User Consents, Send Tab To Self, Web Apps, History, Saved Tab Group, WebAuthn Credentials, Edge E Drop, Edge Hub App Usage, Edge Wallet, Edge Workspace, Encryption Keys; Allow fail: 
2026-06-26 06:06:52.754: [INFO][Sync] Loading: Passwords
2026-06-26 06:06:52.754: [INFO][Sync] Loading: Autofill Profiles
2026-06-26 06:06:52.754: [INFO][Sync] Loading: Autofill
2026-06-26 06:06:52.754: [INFO][Sync] All data types are ready for configure.
2026-06-26 06:06:52.754: [INFO][SyncManagerImpl::NudgeForInitialDownload] Initial download nudge for Passwords
2026-06-26 06:06:52.755: [INFO][SyncManagerImpl::ConfigureSyncer] Types to download:  with reason: 5
2026-06-26 06:06:52.755: [INFO][SyncEngineBackend::DoFinishConfigureDataTypes] Failed to download types:  and succeeded types: 
2026-06-26 06:06:52.755: [INFO][Sync] ConfigurationDone, failed: , succeeded: , remaining count: 4
2026-06-26 06:06:52.755: [INFO][Sync] Prepare to configure types: Passwords, Encryption Keys
2026-06-26 06:06:52.755: [INFO][SyncManagerImpl::ConfigureSyncer] Types to download: Passwords, Encryption Keys with reason: 5
2026-06-26 06:06:52.755: [INFO][SyncSchedulerImpl::DoConfigurationSyncCycleJob] Blocked types:  and types to download: Passwords, Encryption Keys
2026-06-26 06:06:54.920: [INFO][SyncEngineBackend::DoFinishConfigureDataTypes] Failed to download types:  and succeeded types: Passwords, Encryption Keys
2026-06-26 06:06:54.939: [INFO][Sync] ConfigurationDone, failed: , succeeded: Passwords, Encryption Keys, remaining count: 3
2026-06-26 06:06:54.939: [INFO][SyncManagerImpl::ConfigureSyncer] Types to download:  with reason: 5
2026-06-26 06:06:54.939: [INFO][SyncEngineBackend::DoFinishConfigureDataTypes] Failed to download types:  and succeeded types: 
2026-06-26 06:06:54.950: [INFO][Sync] ConfigurationDone, failed: , succeeded: , remaining count: 2
2026-06-26 06:06:54.950: [INFO][SyncManagerImpl::ConfigureSyncer] Types to download:  with reason: 5
2026-06-26 06:06:54.950: [INFO][SyncEngineBackend::DoFinishConfigureDataTypes] Failed to download types:  and succeeded types: 
2026-06-26 06:06:54.950: [INFO][Sync] ConfigurationDone, failed: , succeeded: , remaining count: 1
2026-06-26 06:06:54.964: [INFO][SyncManagerImpl::ConfigureSyncer] Types to download:  with reason: 5
2026-06-26 06:06:54.964: [INFO][SyncEngineBackend::DoFinishConfigureDataTypes] Failed to download types:  and succeeded types: 
2026-06-26 06:06:54.964: [INFO][Sync] ConfigurationDone, failed: , succeeded: , remaining count: 0
2026-06-26 06:06:54.976: [INFO][Sync]     Configuration completed, state: 7
2026-06-26 06:06:54.976: [INFO][Sync] Configured DataTypeManager: Ok
2026-06-26 06:06:54.988: [INFO][SyncEngineBackend::DoStartSyncing] Start syncing
2026-06-26 06:24:11.781: [INFO][Sync] Reset engine, reason: 8
2026-06-26 06:24:11.839: [INFO][Sync] Stopped: Bookmarks
2026-06-26 06:24:11.839: [INFO][Sync] Stopped: Preferences
2026-06-26 06:24:11.839: [INFO][Sync] Stopped: Passwords
2026-06-26 06:24:11.839: [INFO][Sync] Stopped: Autofill Profiles
2026-06-26 06:24:11.839: [INFO][Sync] Stopped: Autofill
2026-06-26 06:24:11.839: [INFO][Sync] Stopped: Extensions
2026-06-26 06:24:11.839: [INFO][Sync] Stopped: Sessions
2026-06-26 06:24:11.839: [INFO][Sync] Stopped: Extension settings
2026-06-26 06:24:11.850: [INFO][Sync] Stopped: History Delete Directives
2026-06-26 06:24:11.850: [INFO][Sync] Stopped: Device Info
2026-06-26 06:24:11.850: [INFO][Sync] Stopped: User Consents
2026-06-26 06:24:11.850: [INFO][Sync] Stopped: Send Tab To Self
2026-06-26 06:24:11.850: [INFO][Sync] Stopped: Web Apps
2026-06-26 06:24:11.850: [INFO][Sync] Stopped: History
2026-06-26 06:24:11.850: [INFO][Sync] Stopped: Saved Tab Group
2026-06-26 06:24:11.850: [INFO][Sync] Stopped: WebAuthn Credentials
2026-06-26 06:24:11.850: [INFO][Sync] Stopped: Edge E Drop
2026-06-26 06:24:11.850: [INFO][Sync] Stopped: Edge Hub App Usage
2026-06-26 06:24:11.850: [INFO][Sync] Stopped: Edge Journey
2026-06-26 06:24:11.850: [INFO][Sync] Stopped: Edge Wallet
2026-06-26 06:24:11.850: [INFO][Sync] Stopped: Edge Workspace
2026-06-26 06:24:11.851: [INFO][Sync] SyncState after authenticated was: NotSignedIn
2026-06-26 06:24:12.951: [INFO][Sync] Reset engine, reason: 8
2026-06-26 06:24:12.951: [INFO][Sync] Stopped: Bookmarks
2026-06-26 06:24:12.951: [INFO][Sync] Stopped: Preferences
2026-06-26 06:24:12.951: [INFO][Sync] Stopped: Passwords
2026-06-26 06:24:12.951: [INFO][Sync] Stopped: Autofill Profiles
2026-06-26 06:24:12.951: [INFO][Sync] Stopped: Autofill
2026-06-26 06:24:12.951: [INFO][Sync] Stopped: Extensions
2026-06-26 06:24:12.951: [INFO][Sync] Stopped: Sessions
2026-06-26 06:24:12.951: [INFO][Sync] Stopped: Extension settings
2026-06-26 06:24:12.951: [INFO][Sync] Stopped: History Delete Directives
2026-06-26 06:24:12.951: [INFO][Sync] Stopped: Device Info
2026-06-26 06:24:12.951: [INFO][Sync] Stopped: User Consents
2026-06-26 06:24:12.951: [INFO][Sync] Stopped: Send Tab To Self
2026-06-26 06:24:12.951: [INFO][Sync] Stopped: Web Apps
2026-06-26 06:24:12.951: [INFO][Sync] Stopped: History
2026-06-26 06:24:12.951: [INFO][Sync] Stopped: Saved Tab Group
2026-06-26 06:24:12.951: [INFO][Sync] Stopped: WebAuthn Credentials
2026-06-26 06:24:12.951: [INFO][Sync] Stopped: Edge E Drop
2026-06-26 06:24:12.951: [INFO][Sync] Stopped: Edge Hub App Usage
2026-06-26 06:24:12.951: [INFO][Sync] Stopped: Edge Journey
2026-06-26 06:24:12.951: [INFO][Sync] Stopped: Edge Wallet
2026-06-26 06:24:12.951: [INFO][Sync] Stopped: Edge Workspace
2026-06-26 06:24:27.747: [INFO][Sync] Try to start sync engine
2026-06-26 06:24:27.772: [INFO][SyncManagerImpl::NudgeForInitialDownload] Initial download nudge for Encryption Keys
2026-06-26 06:24:27.772: [INFO][SyncEngineBackend::LoadAndConnectNigoriController] Load and connect Nigori controller
2026-06-26 06:24:27.772: [INFO][SyncEngineBackend::DoInitialize] Control Types added: Encryption Keys
2026-06-26 06:24:27.772: [INFO][SyncManagerImpl::ConfigureSyncer] Types to download: Encryption Keys with reason: 3
2026-06-26 06:24:27.772: [INFO][SyncSchedulerImpl::DoConfigurationSyncCycleJob] Configure job was blocked
2026-06-26 06:24:27.843: [INFO][SyncAuthManager::SetLastAuthError] Current auth error: None
2026-06-26 06:24:27.843: [INFO][SyncAuthManager::EdgeLogTokenErrorState] Token error with: None for account type: MSA
2026-06-26 06:24:27.843: [INFO][Sync] Credentials changed for: EdgeSyncScopeNew
2026-06-26 06:24:34.205: [INFO][SyncAuthManager::SetLastAuthError] Current auth error: None
2026-06-26 06:24:34.205: [INFO][SyncAuthManager::EdgeLogTokenErrorState] Token error with: None for account type: MSA
2026-06-26 06:24:34.205: [INFO][Sync] Credentials changed for: EdgeSyncKeyDataScope
2026-06-26 06:24:34.205: [INFO][SyncEngineBackend::DoUpdateKeyDataCredentials] Update key data credentials
2026-06-26 06:24:34.205: [INFO][SyncEngineBackend::DoUpdateCredentials] Update credentials
2026-06-26 06:24:34.205: [INFO][SyncSchedulerImpl::DoConfigurationSyncCycleJob] Blocked types:  and types to download: Encryption Keys
2026-06-26 06:24:35.998: [INFO][Sync] Started DataTypeManager configuration, reason: 4
2026-06-26 06:24:35.998: [INFO][Sync] Configuring for: Bookmarks, Preferences, Passwords, Autofill Profiles, Autofill, Extensions, Sessions, Extension settings, History Delete Directives, Device Info, User Consents, Send Tab To Self, Web Apps, History, Saved Tab Group, WebAuthn Credentials, Edge E Drop, Edge Hub App Usage, Edge Wallet, Edge Workspace, Encryption Keys, reason: 4, current state: 0
2026-06-26 06:24:35.998: [WARN][Sync] Crypto error data types: Passwords, Autofill Profiles, Autofill
2026-06-26 06:24:36.005: [INFO][Sync] Configure, desired: Bookmarks, Preferences, Extensions, Sessions, Extension settings, History Delete Directives, Device Info, User Consents, Send Tab To Self, Web Apps, History, Saved Tab Group, WebAuthn Credentials, Edge E Drop, Edge Hub App Usage, Edge Wallet, Edge Workspace, Encryption Keys; Allow fail: Passwords, Autofill Profiles, Autofill
2026-06-26 06:24:36.005: [INFO][Sync] Loading: Bookmarks
2026-06-26 06:24:36.005: [INFO][Sync] Loading: Preferences
2026-06-26 06:24:36.005: [INFO][Sync] Loading: Extensions
2026-06-26 06:24:36.005: [INFO][Sync] Loading: Sessions
2026-06-26 06:24:36.005: [INFO][Sync] Loading: Extension settings
2026-06-26 06:24:36.005: [INFO][Sync] Loading: History Delete Directives
2026-06-26 06:24:36.005: [INFO][Sync] Loading: Device Info
2026-06-26 06:24:36.005: [INFO][Sync] Loading: User Consents
2026-06-26 06:24:36.005: [INFO][Sync] Loading: Send Tab To Self
2026-06-26 06:24:36.005: [INFO][Sync] Loading: Web Apps
2026-06-26 06:24:36.005: [INFO][Sync] Loading: History
2026-06-26 06:24:36.005: [INFO][Sync] Loading: Saved Tab Group
2026-06-26 06:24:36.005: [INFO][Sync] Loading: WebAuthn Credentials
2026-06-26 06:24:36.005: [INFO][Sync] Loading: Edge E Drop
2026-06-26 06:24:36.005: [INFO][Sync] Loading: Edge Hub App Usage
2026-06-26 06:24:36.005: [INFO][Sync] Loading: Edge Wallet
2026-06-26 06:24:36.005: [INFO][Sync] Loading: Edge Workspace
2026-06-26 06:24:36.020: [INFO][Sync] All data types are ready for configure.
2026-06-26 06:24:36.485: [INFO][Sync] Started DataTypeManager configuration, reason: 5
2026-06-26 06:24:36.485: [INFO][Sync] Configuring for: Bookmarks, Preferences, Passwords, Autofill Profiles, Autofill, Extensions, Sessions, Extension settings, History Delete Directives, Device Info, User Consents, Send Tab To Self, Web Apps, History, Saved Tab Group, WebAuthn Credentials, Edge E Drop, Edge Hub App Usage, Edge Wallet, Edge Workspace, Encryption Keys, reason: 5, current state: 1
2026-06-26 06:24:36.486: [INFO][SyncEngineBackend::DoStartConfiguration] Start configuration
2026-06-26 06:24:36.486: [INFO][SyncManagerImpl::NudgeForInitialDownload] Initial download nudge for Bookmarks
2026-06-26 06:24:36.486: [INFO][SyncManagerImpl::NudgeForInitialDownload] Initial download nudge for Preferences
2026-06-26 06:24:36.486: [INFO][SyncManagerImpl::NudgeForInitialDownload] Initial download nudge for Extensions
2026-06-26 06:24:36.486: [INFO][SyncManagerImpl::NudgeForInitialDownload] Initial download nudge for Sessions
2026-06-26 06:24:36.486: [INFO][SyncManagerImpl::NudgeForInitialDownload] Initial download nudge for Extension settings
2026-06-26 06:24:36.486: [INFO][SyncManagerImpl::NudgeForInitialDownload] Initial download nudge for History Delete Directives
2026-06-26 06:24:36.486: [INFO][SyncManagerImpl::NudgeForInitialDownload] Initial download nudge for Device Info
2026-06-26 06:24:36.486: [INFO][SyncManagerImpl::NudgeForInitialDownload] Initial download nudge for Send Tab To Self
2026-06-26 06:24:36.486: [INFO][SyncManagerImpl::NudgeForInitialDownload] Initial download nudge for Web Apps
2026-06-26 06:24:36.486: [INFO][SyncManagerImpl::NudgeForInitialDownload] Initial download nudge for History
2026-06-26 06:24:36.486: [INFO][SyncManagerImpl::NudgeForInitialDownload] Initial download nudge for Saved Tab Group
2026-06-26 06:24:36.486: [INFO][SyncManagerImpl::NudgeForInitialDownload] Initial download nudge for WebAuthn Credentials
2026-06-26 06:24:36.486: [INFO][SyncManagerImpl::NudgeForInitialDownload] Initial download nudge for Edge E Drop
2026-06-26 06:24:36.486: [INFO][SyncManagerImpl::NudgeForInitialDownload] Initial download nudge for Edge Hub App Usage
2026-06-26 06:24:36.486: [INFO][SyncManagerImpl::NudgeForInitialDownload] Initial download nudge for Edge Wallet
2026-06-26 06:24:36.486: [INFO][SyncManagerImpl::NudgeForInitialDownload] Initial download nudge for Edge Workspace
2026-06-26 06:24:36.486: [INFO][SyncManagerImpl::ConfigureSyncer] Types to download:  with reason: 4
2026-06-26 06:24:36.486: [INFO][SyncEngineBackend::DoFinishConfigureDataTypes] Failed to download types:  and succeeded types: 
2026-06-26 06:24:36.494: [INFO][Sync] ConfigurationDone, failed: , succeeded: , remaining count: 4
2026-06-26 06:24:36.494: [WARN][Sync]     Reconfigure requested while configuration ongoing.
2026-06-26 06:24:36.494: [INFO][Sync] Configuring for: Bookmarks, Preferences, Passwords, Autofill Profiles, Autofill, Extensions, Sessions, Extension settings, History Delete Directives, Device Info, User Consents, Send Tab To Self, Web Apps, History, Saved Tab Group, WebAuthn Credentials, Edge E Drop, Edge Hub App Usage, Edge Wallet, Edge Workspace, Encryption Keys, reason: 5, current state: 2
2026-06-26 06:24:36.494: [INFO][Sync] Configure, desired: Bookmarks, Preferences, Passwords, Autofill Profiles, Autofill, Extensions, Sessions, Extension settings, History Delete Directives, Device Info, User Consents, Send Tab To Self, Web Apps, History, Saved Tab Group, WebAuthn Credentials, Edge E Drop, Edge Hub App Usage, Edge Wallet, Edge Workspace, Encryption Keys; Allow fail: 
2026-06-26 06:24:36.495: [INFO][Sync] Loading: Passwords
2026-06-26 06:24:36.495: [INFO][Sync] Loading: Autofill Profiles
2026-06-26 06:24:36.495: [INFO][Sync] Loading: Autofill
2026-06-26 06:24:36.500: [INFO][Sync] All data types are ready for configure.
2026-06-26 06:24:36.500: [INFO][SyncManagerImpl::NudgeForInitialDownload] Initial download nudge for Passwords
2026-06-26 06:24:36.500: [INFO][SyncManagerImpl::NudgeForInitialDownload] Initial download nudge for Autofill Profiles
2026-06-26 06:24:36.500: [INFO][SyncManagerImpl::NudgeForInitialDownload] Initial download nudge for Autofill
2026-06-26 06:24:36.500: [INFO][SyncManagerImpl::ConfigureSyncer] Types to download:  with reason: 5
2026-06-26 06:24:36.500: [INFO][SyncEngineBackend::DoFinishConfigureDataTypes] Failed to download types:  and succeeded types: 
2026-06-26 06:24:36.500: [INFO][Sync] ConfigurationDone, failed: , succeeded: , remaining count: 4
2026-06-26 06:24:36.500: [INFO][Sync] Prepare to configure types: Preferences, Passwords, Device Info, Send Tab To Self, Edge E Drop, Encryption Keys
2026-06-26 06:24:36.500: [INFO][SyncManagerImpl::ConfigureSyncer] Types to download: Preferences, Passwords, Device Info, Send Tab To Self, Edge E Drop, Encryption Keys with reason: 5
2026-06-26 06:24:36.501: [INFO][SyncSchedulerImpl::DoConfigurationSyncCycleJob] Blocked types:  and types to download: Preferences, Passwords, Device Info, Send Tab To Self, Edge E Drop, Encryption Keys
2026-06-26 06:24:39.571: [INFO][SyncEngineBackend::DoFinishConfigureDataTypes] Failed to download types:  and succeeded types: Preferences, Passwords, Device Info, Send Tab To Self, Edge E Drop, Encryption Keys
2026-06-26 06:24:39.578: [INFO][Sync] ConfigurationDone, failed: , succeeded: Preferences, Passwords, Device Info, Send Tab To Self, Edge E Drop, Encryption Keys, remaining count: 3
2026-06-26 06:24:39.578: [INFO][Sync] Prepare to configure types: Bookmarks, Encryption Keys
2026-06-26 06:24:39.578: [INFO][SyncManagerImpl::ConfigureSyncer] Types to download: Bookmarks, Encryption Keys with reason: 5
2026-06-26 06:24:39.578: [INFO][SyncSchedulerImpl::DoConfigurationSyncCycleJob] Blocked types:  and types to download: Bookmarks, Encryption Keys
2026-06-26 06:24:40.537: [INFO][SyncEngineBackend::DoFinishConfigureDataTypes] Failed to download types:  and succeeded types: Bookmarks, Encryption Keys
2026-06-26 06:24:40.543: [INFO][Sync] ConfigurationDone, failed: , succeeded: Bookmarks, Encryption Keys, remaining count: 2
2026-06-26 06:24:40.543: [INFO][Sync] Prepare to configure types: Autofill Profiles, Autofill, Extensions, Sessions, Extension settings, History Delete Directives, Web Apps, Saved Tab Group, WebAuthn Credentials, Edge Hub App Usage, Edge Wallet, Edge Workspace, Encryption Keys
2026-06-26 06:24:40.543: [INFO][SyncManagerImpl::ConfigureSyncer] Types to download: Autofill Profiles, Autofill, Extensions, Sessions, Extension settings, History Delete Directives, Web Apps, Saved Tab Group, WebAuthn Credentials, Edge Hub App Usage, Edge Wallet, Edge Workspace, Encryption Keys with reason: 5
2026-06-26 06:24:40.543: [INFO][SyncSchedulerImpl::DoConfigurationSyncCycleJob] Blocked types:  and types to download: Autofill Profiles, Autofill, Extensions, Sessions, Extension settings, History Delete Directives, Web Apps, Saved Tab Group, WebAuthn Credentials, Edge Hub App Usage, Edge Wallet, Edge Workspace, Encryption Keys
2026-06-26 06:24:41.611: [INFO][SyncEngineBackend::DoFinishConfigureDataTypes] Failed to download types:  and succeeded types: Autofill Profiles, Autofill, Extensions, Sessions, Extension settings, History Delete Directives, Web Apps, Saved Tab Group, WebAuthn Credentials, Edge Hub App Usage, Edge Wallet, Edge Workspace, Encryption Keys
2026-06-26 06:24:41.627: [INFO][Sync] ConfigurationDone, failed: , succeeded: Autofill Profiles, Autofill, Extensions, Sessions, Extension settings, History Delete Directives, Web Apps, Saved Tab Group, WebAuthn Credentials, Edge Hub App Usage, Edge Wallet, Edge Workspace, Encryption Keys, remaining count: 1
2026-06-26 06:24:41.640: [INFO][Sync] Prepare to configure types: History, Encryption Keys
2026-06-26 06:24:41.640: [INFO][SyncManagerImpl::ConfigureSyncer] Types to download: History, Encryption Keys with reason: 5
2026-06-26 06:24:41.640: [INFO][SyncSchedulerImpl::DoConfigurationSyncCycleJob] Blocked types:  and types to download: History, Encryption Keys
2026-06-26 06:24:44.029: [INFO][SyncEngineBackend::DoFinishConfigureDataTypes] Failed to download types:  and succeeded types: History, Encryption Keys
2026-06-26 06:24:44.042: [INFO][Sync] ConfigurationDone, failed: , succeeded: History, Encryption Keys, remaining count: 0
2026-06-26 06:24:44.055: [INFO][Sync]     Configuration completed, state: 7
2026-06-26 06:24:44.056: [INFO][Sync] Configured DataTypeManager: Ok
2026-06-26 06:24:44.069: [INFO][SyncEngineBackend::DoStartSyncing] Start syncing
2026-06-26 06:38:58.102: [INFO][Sync] Reset engine, reason: 0
2026-06-26 06:38:58.102: [INFO][Sync] Reset engine with reason: 0
2026-06-26 06:40:06.489: [INFO][Sync] SyncState after authenticated was: FeatureCanStart
2026-06-26 06:40:12.211: [INFO][SyncAuthManager::SetLastAuthError] Current auth error: None
2026-06-26 06:40:12.211: [INFO][SyncAuthManager::EdgeLogTokenErrorState] Token error with: None for account type: MSA
2026-06-26 06:40:12.212: [INFO][Sync] Credentials changed for: EdgeSyncKeyDataScope
2026-06-26 06:40:16.932: [INFO][Sync] Try to start sync engine
2026-06-26 06:40:17.184: [INFO][SyncAuthManager::SetLastAuthError] Current auth error: None
2026-06-26 06:40:17.184: [INFO][SyncAuthManager::EdgeLogTokenErrorState] Token error with: None for account type: MSA
2026-06-26 06:40:17.184: [INFO][Sync] Credentials changed for: EdgeSyncScopeNew
2026-06-26 06:40:17.675: [INFO][SyncManagerImpl::NudgeForInitialDownload] Initial download nudge for Encryption Keys
2026-06-26 06:40:17.675: [INFO][SyncEngineBackend::LoadAndConnectNigoriController] Load and connect Nigori controller
2026-06-26 06:40:17.675: [INFO][SyncEngineBackend::DoInitialize] Control Types added: Encryption Keys
2026-06-26 06:40:17.675: [INFO][SyncManagerImpl::ConfigureSyncer] Types to download: Encryption Keys with reason: 3
2026-06-26 06:40:17.743: [INFO][SyncEngineBackend::DoUpdateKeyDataCredentials] Update key data credentials
2026-06-26 06:40:17.743: [INFO][SyncEngineBackend::DoUpdateCredentials] Update credentials
2026-06-26 06:40:17.743: [INFO][SyncEngineBackend::DoUpdateKeyDataCredentials] Update key data credentials
2026-06-26 06:40:17.743: [INFO][SyncSchedulerImpl::DoConfigurationSyncCycleJob] Blocked types:  and types to download: Encryption Keys
2026-06-26 06:40:19.650: [INFO][Sync] Started DataTypeManager configuration, reason: 4
2026-06-26 06:40:19.785: [INFO][Sync] Configuring for: Bookmarks, Preferences, Passwords, Autofill Profiles, Autofill, Extensions, Sessions, Extension settings, History Delete Directives, Device Info, User Consents, Send Tab To Self, Web Apps, History, Saved Tab Group, WebAuthn Credentials, Edge E Drop, Edge Hub App Usage, Edge Wallet, Edge Workspace, Encryption Keys, reason: 4, current state: 0
2026-06-26 06:40:19.865: [WARN][Sync] Crypto error data types: Passwords, Autofill Profiles, Autofill
2026-06-26 06:40:19.959: [INFO][Sync] Configure, desired: Bookmarks, Preferences, Extensions, Sessions, Extension settings, History Delete Directives, Device Info, User Consents, Send Tab To Self, Web Apps, History, Saved Tab Group, WebAuthn Credentials, Edge E Drop, Edge Hub App Usage, Edge Wallet, Edge Workspace, Encryption Keys; Allow fail: Passwords, Autofill Profiles, Autofill
2026-06-26 06:40:19.988: [INFO][Sync] Loading: Bookmarks
2026-06-26 06:40:19.988: [INFO][Sync] Loading: Preferences
2026-06-26 06:40:19.988: [INFO][Sync] Loading: Extensions
2026-06-26 06:40:20.046: [INFO][Sync] Loading: Sessions
2026-06-26 06:40:20.046: [INFO][Sync] Loading: Extension settings
2026-06-26 06:40:20.046: [INFO][Sync] Loading: History Delete Directives
2026-06-26 06:40:20.046: [INFO][Sync] Loading: Device Info
2026-06-26 06:40:20.046: [INFO][Sync] Loading: User Consents
2026-06-26 06:40:20.046: [INFO][Sync] Loading: Send Tab To Self
2026-06-26 06:40:20.046: [INFO][Sync] Loading: Web Apps
2026-06-26 06:40:20.046: [INFO][Sync] Loading: History
2026-06-26 06:40:20.046: [INFO][Sync] Loading: Saved Tab Group
2026-06-26 06:40:20.046: [INFO][Sync] Loading: WebAuthn Credentials
2026-06-26 06:40:20.046: [INFO][Sync] Loading: Edge E Drop
2026-06-26 06:40:20.046: [INFO][Sync] Loading: Edge Hub App Usage
2026-06-26 06:40:20.046: [INFO][Sync] Loading: Edge Wallet
2026-06-26 06:40:20.046: [INFO][Sync] Loading: Edge Workspace
2026-06-26 06:40:20.724: [INFO][Sync] Started DataTypeManager configuration, reason: 5
2026-06-26 06:40:20.724: [INFO][Sync] Configuring for: Bookmarks, Preferences, Passwords, Autofill Profiles, Autofill, Extensions, Sessions, Extension settings, History Delete Directives, Device Info, User Consents, Send Tab To Self, Web Apps, History, Saved Tab Group, WebAuthn Credentials, Edge E Drop, Edge Hub App Usage, Edge Wallet, Edge Workspace, Encryption Keys, reason: 5, current state: 1
2026-06-26 06:40:20.729: [INFO][SyncEngineBackend::DoStartConfiguration] Start configuration
2026-06-26 06:40:22.073: [INFO][Sync] Configuring for: Bookmarks, Preferences, Passwords, Autofill Profiles, Autofill, Extensions, Sessions, Extension settings, History Delete Directives, Device Info, User Consents, Send Tab To Self, Web Apps, History, Saved Tab Group, WebAuthn Credentials, Edge E Drop, Edge Hub App Usage, Edge Wallet, Edge Workspace, Encryption Keys, reason: 5, current state: 2
2026-06-26 06:40:22.073: [INFO][Sync] Configure, desired: Bookmarks, Preferences, Passwords, Autofill Profiles, Autofill, Extensions, Sessions, Extension settings, History Delete Directives, Device Info, User Consents, Send Tab To Self, Web Apps, History, Saved Tab Group, WebAuthn Credentials, Edge E Drop, Edge Hub App Usage, Edge Wallet, Edge Workspace, Encryption Keys; Allow fail: 
2026-06-26 06:40:22.073: [INFO][Sync] Loading: Passwords
2026-06-26 06:40:22.073: [INFO][Sync] Loading: Autofill Profiles
2026-06-26 06:40:22.073: [INFO][Sync] Loading: Autofill
2026-06-26 06:40:22.117: [INFO][Sync] All data types are ready for configure.
2026-06-26 06:40:22.118: [INFO][SyncManagerImpl::NudgeForInitialDownload] Initial download nudge for Passwords
2026-06-26 06:40:22.147: [INFO][SyncManagerImpl::ConfigureSyncer] Types to download:  with reason: 5
2026-06-26 06:40:22.147: [INFO][SyncEngineBackend::DoFinishConfigureDataTypes] Failed to download types:  and succeeded types: 
2026-06-26 06:40:22.148: [INFO][Sync] ConfigurationDone, failed: , succeeded: , remaining count: 4
2026-06-26 06:40:22.148: [INFO][Sync] Prepare to configure types: Passwords, Encryption Keys
2026-06-26 06:40:22.148: [INFO][SyncManagerImpl::ConfigureSyncer] Types to download: Passwords, Encryption Keys with reason: 5
2026-06-26 06:40:22.148: [INFO][SyncSchedulerImpl::DoConfigurationSyncCycleJob] Blocked types:  and types to download: Passwords, Encryption Keys
2026-06-26 06:40:27.242: [INFO][SyncEngineBackend::DoFinishConfigureDataTypes] Failed to download types:  and succeeded types: Passwords, Encryption Keys
2026-06-26 06:40:27.328: [INFO][Sync] ConfigurationDone, failed: , succeeded: Passwords, Encryption Keys, remaining count: 3
2026-06-26 06:40:27.328: [INFO][SyncManagerImpl::ConfigureSyncer] Types to download:  with reason: 5
2026-06-26 06:40:27.328: [INFO][SyncEngineBackend::DoFinishConfigureDataTypes] Failed to download types:  and succeeded types: 
2026-06-26 06:40:27.402: [INFO][Sync] ConfigurationDone, failed: , succeeded: , remaining count: 2
2026-06-26 06:40:27.402: [INFO][SyncManagerImpl::ConfigureSyncer] Types to download:  with reason: 5
2026-06-26 06:40:27.402: [INFO][SyncEngineBackend::DoFinishConfigureDataTypes] Failed to download types:  and succeeded types: 
2026-06-26 06:40:27.402: [INFO][Sync] ConfigurationDone, failed: , succeeded: , remaining count: 1
2026-06-26 06:40:27.408: [INFO][SyncManagerImpl::ConfigureSyncer] Types to download:  with reason: 5
2026-06-26 06:40:27.408: [INFO][SyncEngineBackend::DoFinishConfigureDataTypes] Failed to download types:  and succeeded types: 
2026-06-26 06:40:27.408: [INFO][Sync] ConfigurationDone, failed: , succeeded: , remaining count: 0
2026-06-26 06:40:27.416: [INFO][Sync]     Configuration completed, state: 7
2026-06-26 06:40:27.416: [INFO][Sync] Configured DataTypeManager: Ok
2026-06-26 06:40:27.556: [INFO][SyncEngineBackend::DoStartSyncing] Start syncing
2026-06-26 06:43:49.307: [INFO][Sync] Reset engine, reason: 0
2026-06-26 06:43:49.307: [INFO][Sync] Reset engine with reason: 0
2026-06-26 06:44:53.850: [INFO][Sync] Reset engine, reason: 8
2026-06-26 06:44:53.850: [INFO][Sync] Stopped: Bookmarks
2026-06-26 06:44:53.850: [INFO][Sync] Stopped: Preferences
2026-06-26 06:44:53.850: [INFO][Sync] Stopped: Passwords
2026-06-26 06:44:53.850: [INFO][Sync] Stopped: Autofill Profiles
2026-06-26 06:44:53.850: [INFO][Sync] Stopped: Autofill
2026-06-26 06:44:53.850: [INFO][Sync] Stopped: Extensions
2026-06-26 06:44:53.850: [INFO][Sync] Stopped: Sessions
2026-06-26 06:44:53.850: [INFO][Sync] Stopped: Extension settings
2026-06-26 06:44:53.850: [INFO][Sync] Stopped: History Delete Directives
2026-06-26 06:44:53.850: [INFO][Sync] Stopped: Device Info
2026-06-26 06:44:53.850: [INFO][Sync] Stopped: User Consents
2026-06-26 06:44:53.850: [INFO][Sync] Stopped: Send Tab To Self
2026-06-26 06:44:53.850: [INFO][Sync] Stopped: Web Apps
2026-06-26 06:44:53.850: [INFO][Sync] Stopped: History
2026-06-26 06:44:53.850: [INFO][Sync] Stopped: Saved Tab Group
2026-06-26 06:44:53.850: [INFO][Sync] Stopped: WebAuthn Credentials
2026-06-26 06:44:53.850: [INFO][Sync] Stopped: Edge E Drop
2026-06-26 06:44:53.850: [INFO][Sync] Stopped: Edge Hub App Usage
2026-06-26 06:44:53.850: [INFO][Sync] Stopped: Edge Journey
2026-06-26 06:44:53.850: [INFO][Sync] Stopped: Edge Wallet
2026-06-26 06:44:53.850: [INFO][Sync] Stopped: Edge Workspace
2026-06-26 06:44:53.850: [INFO][Sync] SyncState after authenticated was: NotSignedIn
2026-06-26 06:44:54.296: [INFO][Sync] Reset engine, reason: 8
2026-06-26 06:44:54.296: [INFO][Sync] Stopped: Bookmarks
2026-06-26 06:44:54.296: [INFO][Sync] Stopped: Preferences
2026-06-26 06:44:54.296: [INFO][Sync] Stopped: Passwords
2026-06-26 06:44:54.296: [INFO][Sync] Stopped: Autofill Profiles
2026-06-26 06:44:54.296: [INFO][Sync] Stopped: Autofill
2026-06-26 06:44:54.296: [INFO][Sync] Stopped: Extensions
2026-06-26 06:44:54.296: [INFO][Sync] Stopped: Sessions
2026-06-26 06:44:54.296: [INFO][Sync] Stopped: Extension settings
2026-06-26 06:44:54.296: [INFO][Sync] Stopped: History Delete Directives
2026-06-26 06:44:54.296: [INFO][Sync] Stopped: Device Info
2026-06-26 06:44:54.296: [INFO][Sync] Stopped: User Consents
2026-06-26 06:44:54.296: [INFO][Sync] Stopped: Send Tab To Self
2026-06-26 06:44:54.296: [INFO][Sync] Stopped: Web Apps
2026-06-26 06:44:54.296: [INFO][Sync] Stopped: History
2026-06-26 06:44:54.296: [INFO][Sync] Stopped: Saved Tab Group
2026-06-26 06:44:54.296: [INFO][Sync] Stopped: WebAuthn Credentials
2026-06-26 06:44:54.296: [INFO][Sync] Stopped: Edge E Drop
2026-06-26 06:44:54.296: [INFO][Sync] Stopped: Edge Hub App Usage
2026-06-26 06:44:54.296: [INFO][Sync] Stopped: Edge Journey
2026-06-26 06:44:54.296: [INFO][Sync] Stopped: Edge Wallet
2026-06-26 06:44:54.296: [INFO][Sync] Stopped: Edge Workspace
2026-06-26 06:44:55.345: [INFO][Sync] Try to start sync engine
2026-06-26 06:44:55.346: [INFO][SyncManagerImpl::NudgeForInitialDownload] Initial download nudge for Encryption Keys
2026-06-26 06:44:55.346: [INFO][SyncEngineBackend::LoadAndConnectNigoriController] Load and connect Nigori controller
2026-06-26 06:44:55.346: [INFO][SyncEngineBackend::DoInitialize] Control Types added: Encryption Keys
2026-06-26 06:44:55.346: [INFO][SyncManagerImpl::ConfigureSyncer] Types to download: Encryption Keys with reason: 3
2026-06-26 06:44:55.346: [INFO][SyncSchedulerImpl::DoConfigurationSyncCycleJob] Configure job was blocked
2026-06-26 06:44:55.401: [INFO][SyncAuthManager::SetLastAuthError] Current auth error: None
2026-06-26 06:44:55.401: [INFO][SyncAuthManager::EdgeLogTokenErrorState] Token error with: None for account type: MSA
2026-06-26 06:44:55.401: [INFO][Sync] Credentials changed for: EdgeSyncScopeNew
2026-06-26 06:44:55.421: [INFO][SyncAuthManager::SetLastAuthError] Current auth error: None
2026-06-26 06:44:55.421: [INFO][SyncAuthManager::EdgeLogTokenErrorState] Token error with: None for account type: MSA
2026-06-26 06:44:55.421: [INFO][Sync] Credentials changed for: EdgeSyncKeyDataScope
2026-06-26 06:44:55.421: [INFO][SyncEngineBackend::DoUpdateKeyDataCredentials] Update key data credentials
2026-06-26 06:44:55.421: [INFO][SyncEngineBackend::DoUpdateCredentials] Update credentials
2026-06-26 06:44:55.421: [INFO][SyncSchedulerImpl::DoConfigurationSyncCycleJob] Blocked types:  and types to download: Encryption Keys
2026-06-26 06:44:55.723: [INFO][Sync] Started DataTypeManager configuration, reason: 4
2026-06-26 06:44:55.723: [INFO][Sync] Configuring for: Bookmarks, Preferences, Passwords, Autofill Profiles, Autofill, Extensions, Sessions, Extension settings, History Delete Directives, Device Info, User Consents, Send Tab To Self, Web Apps, History, Saved Tab Group, WebAuthn Credentials, Edge E Drop, Edge Hub App Usage, Edge Wallet, Edge Workspace, Encryption Keys, reason: 4, current state: 0
2026-06-26 06:44:55.723: [WARN][Sync] Crypto error data types: Passwords, Autofill Profiles, Autofill
2026-06-26 06:44:55.732: [INFO][Sync] Configure, desired: Bookmarks, Preferences, Extensions, Sessions, Extension settings, History Delete Directives, Device Info, User Consents, Send Tab To Self, Web Apps, History, Saved Tab Group, WebAuthn Credentials, Edge E Drop, Edge Hub App Usage, Edge Wallet, Edge Workspace, Encryption Keys; Allow fail: Passwords, Autofill Profiles, Autofill
2026-06-26 06:44:55.732: [INFO][Sync] Loading: Bookmarks
2026-06-26 06:44:55.732: [INFO][Sync] Loading: Preferences
2026-06-26 06:44:55.732: [INFO][Sync] Loading: Extensions
2026-06-26 06:44:55.732: [INFO][Sync] Loading: Sessions
2026-06-26 06:44:55.732: [INFO][Sync] Loading: Extension settings
2026-06-26 06:44:55.732: [INFO][Sync] Loading: History Delete Directives
2026-06-26 06:44:55.732: [INFO][Sync] Loading: Device Info
2026-06-26 06:44:55.732: [INFO][Sync] Loading: User Consents
2026-06-26 06:44:55.732: [INFO][Sync] Loading: Send Tab To Self
2026-06-26 06:44:55.732: [INFO][Sync] Loading: Web Apps
2026-06-26 06:44:55.732: [INFO][Sync] Loading: History
2026-06-26 06:44:55.732: [INFO][Sync] Loading: Saved Tab Group
2026-06-26 06:44:55.732: [INFO][Sync] Loading: WebAuthn Credentials
2026-06-26 06:44:55.732: [INFO][Sync] Loading: Edge E Drop
2026-06-26 06:44:55.732: [INFO][Sync] Loading: Edge Hub App Usage
2026-06-26 06:44:55.732: [INFO][Sync] Loading: Edge Wallet
2026-06-26 06:44:55.732: [INFO][Sync] Loading: Edge Workspace
2026-06-26 06:44:55.750: [INFO][Sync] All data types are ready for configure.
2026-06-26 06:44:56.420: [INFO][Sync] Connection status changed to: 2
2026-06-26 06:44:56.420: [INFO][SyncEngineBackend::DoStartConfiguration] Start configuration
2026-06-26 06:44:56.420: [INFO][SyncManagerImpl::NudgeForInitialDownload] Initial download nudge for Bookmarks
2026-06-26 06:44:56.420: [INFO][SyncManagerImpl::NudgeForInitialDownload] Initial download nudge for Preferences
2026-06-26 06:44:56.420: [INFO][SyncManagerImpl::NudgeForInitialDownload] Initial download nudge for Extensions
2026-06-26 06:44:56.420: [INFO][SyncManagerImpl::NudgeForInitialDownload] Initial download nudge for Sessions
2026-06-26 06:44:56.420: [INFO][SyncManagerImpl::NudgeForInitialDownload] Initial download nudge for Extension settings
2026-06-26 06:44:56.420: [INFO][SyncManagerImpl::NudgeForInitialDownload] Initial download nudge for History Delete Directives
2026-06-26 06:44:56.420: [INFO][SyncManagerImpl::NudgeForInitialDownload] Initial download nudge for Device Info
2026-06-26 06:44:56.420: [INFO][SyncManagerImpl::NudgeForInitialDownload] Initial download nudge for Send Tab To Self
2026-06-26 06:44:56.420: [INFO][SyncManagerImpl::NudgeForInitialDownload] Initial download nudge for Web Apps
2026-06-26 06:44:56.420: [INFO][SyncManagerImpl::NudgeForInitialDownload] Initial download nudge for History
2026-06-26 06:44:56.420: [INFO][SyncManagerImpl::NudgeForInitialDownload] Initial download nudge for Saved Tab Group
2026-06-26 06:44:56.420: [INFO][SyncManagerImpl::NudgeForInitialDownload] Initial download nudge for WebAuthn Credentials
2026-06-26 06:44:56.420: [INFO][SyncManagerImpl::NudgeForInitialDownload] Initial download nudge for Edge E Drop
2026-06-26 06:44:56.420: [INFO][SyncManagerImpl::NudgeForInitialDownload] Initial download nudge for Edge Hub App Usage
2026-06-26 06:44:56.420: [INFO][SyncManagerImpl::NudgeForInitialDownload] Initial download nudge for Edge Wallet
2026-06-26 06:44:56.420: [INFO][SyncManagerImpl::NudgeForInitialDownload] Initial download nudge for Edge Workspace
2026-06-26 06:44:56.420: [INFO][SyncManagerImpl::ConfigureSyncer] Types to download:  with reason: 4
2026-06-26 06:44:56.420: [INFO][SyncEngineBackend::DoFinishConfigureDataTypes] Failed to download types:  and succeeded types: 
2026-06-26 06:44:56.431: [INFO][Sync] ConfigurationDone, failed: , succeeded: , remaining count: 4
2026-06-26 06:44:56.431: [INFO][Sync] Prepare to configure types: Preferences, Device Info, Send Tab To Self, Edge E Drop, Encryption Keys
2026-06-26 06:44:56.431: [INFO][SyncManagerImpl::ConfigureSyncer] Types to download: Preferences, Device Info, Send Tab To Self, Edge E Drop, Encryption Keys with reason: 4
2026-06-26 06:44:56.431: [INFO][SyncSchedulerImpl::DoConfigurationSyncCycleJob] Blocked types:  and types to download: Preferences, Device Info, Send Tab To Self, Edge E Drop, Encryption Keys
2026-06-26 06:44:57.035: [INFO][SyncEngineBackend::DoFinishConfigureDataTypes] Failed to download types:  and succeeded types: Preferences, Device Info, Send Tab To Self, Edge E Drop, Encryption Keys
2026-06-26 06:44:57.062: [INFO][Sync] ConfigurationDone, failed: , succeeded: Preferences, Device Info, Send Tab To Self, Edge E Drop, Encryption Keys, remaining count: 3
2026-06-26 06:44:57.062: [INFO][Sync] Prepare to configure types: Bookmarks, Encryption Keys
2026-06-26 06:44:57.062: [INFO][SyncAuthManager::SetLastAuthError] Current auth error: None
2026-06-26 06:44:57.062: [INFO][SyncAuthManager::EdgeLogTokenErrorState] Token error with: None for account type: MSA
2026-06-26 06:44:57.062: [INFO][Sync] Credentials changed for: EdgeSyncKeyDataScope
2026-06-26 06:44:57.591: [INFO][Sync] Connection status changed to: 2
2026-06-26 06:44:57.591: [INFO][SyncManagerImpl::ConfigureSyncer] Types to download: Bookmarks, Encryption Keys with reason: 4
2026-06-26 06:44:57.591: [INFO][SyncEngineBackend::DoUpdateKeyDataCredentials] Update key data credentials
2026-06-26 06:44:57.591: [INFO][SyncSchedulerImpl::DoConfigurationSyncCycleJob] Blocked types:  and types to download: Bookmarks, Encryption Keys
2026-06-26 06:44:57.985: [INFO][SyncEngineBackend::DoFinishConfigureDataTypes] Failed to download types:  and succeeded types: Bookmarks, Encryption Keys
2026-06-26 06:44:58.029: [INFO][Sync] ConfigurationDone, failed: , succeeded: Bookmarks, Encryption Keys, remaining count: 2
2026-06-26 06:44:58.029: [INFO][Sync] Prepare to configure types: Extensions, Sessions, Extension settings, History Delete Directives, Web Apps, Saved Tab Group, WebAuthn Credentials, Edge Hub App Usage, Edge Wallet, Edge Workspace, Encryption Keys
2026-06-26 06:44:58.493: [INFO][Sync] Connection status changed to: 2
2026-06-26 06:44:58.493: [INFO][SyncManagerImpl::ConfigureSyncer] Types to download: Extensions, Sessions, Extension settings, History Delete Directives, Web Apps, Saved Tab Group, WebAuthn Credentials, Edge Hub App Usage, Edge Wallet, Edge Workspace, Encryption Keys with reason: 4
2026-06-26 06:44:58.493: [INFO][SyncSchedulerImpl::DoConfigurationSyncCycleJob] Blocked types:  and types to download: Extensions, Sessions, Extension settings, History Delete Directives, Web Apps, Saved Tab Group, WebAuthn Credentials, Edge Hub App Usage, Edge Wallet, Edge Workspace, Encryption Keys
2026-06-26 06:44:59.221: [INFO][SyncEngineBackend::DoFinishConfigureDataTypes] Failed to download types:  and succeeded types: Extensions, Sessions, Extension settings, History Delete Directives, Web Apps, Saved Tab Group, WebAuthn Credentials, Edge Hub App Usage, Edge Wallet, Edge Workspace, Encryption Keys
2026-06-26 06:44:59.239: [INFO][Sync] ConfigurationDone, failed: , succeeded: Extensions, Sessions, Extension settings, History Delete Directives, Web Apps, Saved Tab Group, WebAuthn Credentials, Edge Hub App Usage, Edge Wallet, Edge Workspace, Encryption Keys, remaining count: 1
2026-06-26 06:44:59.259: [INFO][Sync] Prepare to configure types: History, Encryption Keys
2026-06-26 06:44:59.361: [INFO][SyncAuthManager::SetLastAuthError] Current auth error: None
2026-06-26 06:44:59.361: [INFO][SyncAuthManager::EdgeLogTokenErrorState] Token error with: None for account type: MSA
2026-06-26 06:44:59.361: [INFO][Sync] Credentials changed for: EdgeSyncScopeNew
2026-06-26 06:44:59.424: [INFO][SyncAuthManager::SetLastAuthError] Current auth error: None
2026-06-26 06:44:59.424: [INFO][SyncAuthManager::EdgeLogTokenErrorState] Token error with: None for account type: MSA
2026-06-26 06:44:59.424: [INFO][Sync] Credentials changed for: EdgeSyncKeyDataScope
2026-06-26 06:44:59.448: [INFO][SyncManagerImpl::ConfigureSyncer] Types to download: History, Encryption Keys with reason: 4
2026-06-26 06:44:59.448: [INFO][Sync] Connection status changed to: 2
2026-06-26 06:44:59.448: [INFO][SyncEngineBackend::DoUpdateKeyDataCredentials] Update key data credentials
2026-06-26 06:44:59.448: [INFO][SyncEngineBackend::DoUpdateCredentials] Update credentials
2026-06-26 06:44:59.448: [INFO][SyncSchedulerImpl::DoConfigurationSyncCycleJob] Blocked types:  and types to download: History, Encryption Keys
2026-06-26 06:45:01.096: [INFO][SyncAuthManager::SetLastAuthError] Current auth error: None
2026-06-26 06:45:01.096: [INFO][SyncAuthManager::EdgeLogTokenErrorState] Token error with: None for account type: MSA
2026-06-26 06:45:01.096: [INFO][Sync] Credentials changed for: EdgeSyncScopeNew
2026-06-26 06:45:01.978: [INFO][SyncEngineBackend::DoFinishConfigureDataTypes] Failed to download types:  and succeeded types: History, Encryption Keys
2026-06-26 06:45:01.995: [INFO][Sync] ConfigurationDone, failed: , succeeded: History, Encryption Keys, remaining count: 0
2026-06-26 06:45:02.013: [INFO][Sync]     Configuration completed, state: 3
2026-06-26 06:45:02.013: [INFO][Sync] Configured DataTypeManager: Ok
2026-06-26 06:45:02.310: [INFO][Sync] Connection status changed to: 2
2026-06-26 06:45:02.310: [INFO][SyncEngineBackend::DoStartSyncing] Start syncing
2026-06-26 06:45:03.416: [INFO][SyncAuthManager::SetLastAuthError] Current auth error: None
2026-06-26 06:45:03.416: [INFO][SyncAuthManager::EdgeLogTokenErrorState] Token error with: None for account type: MSA
2026-06-26 06:45:03.416: [INFO][Sync] Credentials changed for: EdgeSyncKeyDataScope
2026-06-26 06:45:03.417: [INFO][SyncEngineBackend::DoUpdateKeyDataCredentials] Update key data credentials
2026-06-26 06:45:03.417: [INFO][SyncEngineBackend::DoUpdateCredentials] Update credentials
2026-06-26 06:45:04.523: [INFO][Sync] Connection status changed to: 2
2026-06-26 06:45:06.183: [INFO][SyncAuthManager::SetLastAuthError] Current auth error: None
2026-06-26 06:45:06.183: [INFO][SyncAuthManager::EdgeLogTokenErrorState] Token error with: None for account type: MSA
2026-06-26 06:45:06.183: [INFO][Sync] Credentials changed for: EdgeSyncScopeNew
2026-06-26 06:45:12.096: [INFO][SyncAuthManager::SetLastAuthError] Current auth error: None
2026-06-26 06:45:12.096: [INFO][SyncAuthManager::EdgeLogTokenErrorState] Token error with: None for account type: MSA
2026-06-26 06:45:12.096: [INFO][Sync] Credentials changed for: EdgeSyncKeyDataScope
2026-06-26 06:45:12.096: [INFO][SyncEngineBackend::DoUpdateKeyDataCredentials] Update key data credentials
2026-06-26 06:45:12.096: [INFO][SyncEngineBackend::DoUpdateCredentials] Update credentials
2026-06-26 06:45:15.708: [INFO][Sync] Started DataTypeManager configuration, reason: 5
2026-06-26 06:45:15.709: [INFO][Sync] Configuring for: Bookmarks, Preferences, Passwords, Autofill Profiles, Autofill, Extensions, Sessions, Extension settings, History Delete Directives, Device Info, User Consents, Send Tab To Self, Web Apps, History, Saved Tab Group, WebAuthn Credentials, Edge E Drop, Edge Hub App Usage, Edge Wallet, Edge Workspace, Encryption Keys, reason: 5, current state: 3
2026-06-26 06:45:15.726: [INFO][SyncEngineBackend::DoStartConfiguration] Start configuration
2026-06-26 06:45:15.728: [INFO][Sync] Configure, desired: Bookmarks, Preferences, Passwords, Autofill Profiles, Autofill, Extensions, Sessions, Extension settings, History Delete Directives, Device Info, User Consents, Send Tab To Self, Web Apps, History, Saved Tab Group, WebAuthn Credentials, Edge E Drop, Edge Hub App Usage, Edge Wallet, Edge Workspace, Encryption Keys; Allow fail: 
2026-06-26 06:45:15.728: [INFO][Sync] Loading: Passwords
2026-06-26 06:45:15.728: [INFO][Sync] Loading: Autofill Profiles
2026-06-26 06:45:15.728: [INFO][Sync] Loading: Autofill
2026-06-26 06:45:15.743: [INFO][Sync] All data types are ready for configure.
2026-06-26 06:45:15.743: [INFO][SyncManagerImpl::NudgeForInitialDownload] Initial download nudge for Passwords
2026-06-26 06:45:15.743: [INFO][SyncManagerImpl::NudgeForInitialDownload] Initial download nudge for Autofill Profiles
2026-06-26 06:45:15.743: [INFO][SyncManagerImpl::NudgeForInitialDownload] Initial download nudge for Autofill
2026-06-26 06:45:15.743: [INFO][SyncManagerImpl::ConfigureSyncer] Types to download:  with reason: 5
2026-06-26 06:45:15.743: [INFO][SyncEngineBackend::DoFinishConfigureDataTypes] Failed to download types:  and succeeded types: 
2026-06-26 06:45:15.755: [INFO][Sync] ConfigurationDone, failed: , succeeded: , remaining count: 4
2026-06-26 06:45:15.755: [INFO][Sync] Prepare to configure types: Passwords, Encryption Keys
2026-06-26 06:45:15.755: [INFO][SyncManagerImpl::ConfigureSyncer] Types to download: Passwords, Encryption Keys with reason: 5
2026-06-26 06:45:15.755: [INFO][SyncSchedulerImpl::DoConfigurationSyncCycleJob] Blocked types:  and types to download: Passwords, Encryption Keys
2026-06-26 06:45:16.981: [INFO][SyncEngineBackend::DoFinishConfigureDataTypes] Failed to download types:  and succeeded types: Passwords, Encryption Keys
2026-06-26 06:45:16.996: [INFO][Sync] ConfigurationDone, failed: , succeeded: Passwords, Encryption Keys, remaining count: 3
2026-06-26 06:45:16.996: [INFO][SyncManagerImpl::ConfigureSyncer] Types to download:  with reason: 5
2026-06-26 06:45:16.996: [INFO][SyncEngineBackend::DoFinishConfigureDataTypes] Failed to download types:  and succeeded types: 
2026-06-26 06:45:16.996: [INFO][Sync] ConfigurationDone, failed: , succeeded: , remaining count: 2
2026-06-26 06:45:16.996: [INFO][Sync] Prepare to configure types: Autofill Profiles, Autofill, Encryption Keys
2026-06-26 06:45:16.996: [INFO][SyncManagerImpl::ConfigureSyncer] Types to download: Autofill Profiles, Autofill, Encryption Keys with reason: 5
2026-06-26 06:45:16.996: [INFO][SyncSchedulerImpl::DoConfigurationSyncCycleJob] Blocked types:  and types to download: Autofill Profiles, Autofill, Encryption Keys
2026-06-26 06:45:18.674: [INFO][SyncEngineBackend::DoFinishConfigureDataTypes] Failed to download types:  and succeeded types: Autofill Profiles, Autofill, Encryption Keys
2026-06-26 06:45:18.685: [INFO][Sync] ConfigurationDone, failed: , succeeded: Autofill Profiles, Autofill, Encryption Keys, remaining count: 1
2026-06-26 06:45:18.695: [INFO][SyncManagerImpl::ConfigureSyncer] Types to download:  with reason: 5
2026-06-26 06:45:18.695: [INFO][SyncEngineBackend::DoFinishConfigureDataTypes] Failed to download types:  and succeeded types: 
2026-06-26 06:45:18.702: [INFO][Sync] ConfigurationDone, failed: , succeeded: , remaining count: 0
2026-06-26 06:45:18.713: [INFO][Sync]     Configuration completed, state: 3
2026-06-26 06:45:18.714: [INFO][Sync] Configured DataTypeManager: Ok
2026-06-26 06:45:18.726: [INFO][SyncEngineBackend::DoStartSyncing] Start syncing
2026-06-26 06:49:36.574: [INFO][Sync] Reset engine, reason: 0
2026-06-26 06:49:36.574: [INFO][Sync] Reset engine with reason: 0
2026-06-26 06:51:31.250: [INFO][Sync] SyncState after authenticated was: FeatureCanStart
2026-06-26 06:51:35.171: [INFO][SyncAuthManager::SetLastAuthError] Current auth error: None
2026-06-26 06:51:35.171: [INFO][SyncAuthManager::EdgeLogTokenErrorState] Token error with: None for account type: MSA
2026-06-26 06:51:35.171: [INFO][Sync] Credentials changed for: EdgeSyncKeyDataScope
2026-06-26 06:51:41.490: [INFO][Sync] Try to start sync engine
2026-06-26 06:51:41.513: [INFO][SyncAuthManager::SetLastAuthError] Current auth error: None
2026-06-26 06:51:41.513: [INFO][SyncAuthManager::EdgeLogTokenErrorState] Token error with: None for account type: MSA
2026-06-26 06:51:41.519: [INFO][Sync] Credentials changed for: EdgeSyncScopeNew
2026-06-26 06:51:41.544: [INFO][SyncManagerImpl::NudgeForInitialDownload] Initial download nudge for Encryption Keys
2026-06-26 06:51:41.544: [INFO][SyncEngineBackend::LoadAndConnectNigoriController] Load and connect Nigori controller
2026-06-26 06:51:41.548: [INFO][SyncEngineBackend::DoInitialize] Control Types added: Encryption Keys
2026-06-26 06:51:41.548: [INFO][SyncManagerImpl::ConfigureSyncer] Types to download: Encryption Keys with reason: 3
2026-06-26 06:51:41.551: [INFO][SyncEngineBackend::DoUpdateKeyDataCredentials] Update key data credentials
2026-06-26 06:51:41.560: [INFO][SyncEngineBackend::DoUpdateCredentials] Update credentials
2026-06-26 06:51:41.560: [INFO][SyncEngineBackend::DoUpdateKeyDataCredentials] Update key data credentials
2026-06-26 06:51:41.560: [INFO][SyncSchedulerImpl::DoConfigurationSyncCycleJob] Blocked types:  and types to download: Encryption Keys
2026-06-26 06:51:41.913: [INFO][Sync] Started DataTypeManager configuration, reason: 4
2026-06-26 06:51:41.935: [INFO][Sync] Configuring for: Bookmarks, Preferences, Passwords, Autofill Profiles, Autofill, Extensions, Sessions, Extension settings, History Delete Directives, Device Info, User Consents, Send Tab To Self, Web Apps, History, Saved Tab Group, WebAuthn Credentials, Edge E Drop, Edge Hub App Usage, Edge Wallet, Edge Workspace, Encryption Keys, reason: 4, current state: 0
2026-06-26 06:51:41.935: [WARN][Sync] Crypto error data types: Passwords, Autofill Profiles, Autofill
2026-06-26 06:51:41.964: [INFO][Sync] Configure, desired: Bookmarks, Preferences, Extensions, Sessions, Extension settings, History Delete Directives, Device Info, User Consents, Send Tab To Self, Web Apps, History, Saved Tab Group, WebAuthn Credentials, Edge E Drop, Edge Hub App Usage, Edge Wallet, Edge Workspace, Encryption Keys; Allow fail: Passwords, Autofill Profiles, Autofill
2026-06-26 06:51:41.984: [INFO][Sync] Loading: Bookmarks
2026-06-26 06:51:41.984: [INFO][Sync] Loading: Preferences
2026-06-26 06:51:41.984: [INFO][Sync] Loading: Extensions
2026-06-26 06:51:42.005: [INFO][Sync] Loading: Sessions
2026-06-26 06:51:42.005: [INFO][Sync] Loading: Extension settings
2026-06-26 06:51:42.005: [INFO][Sync] Loading: History Delete Directives
2026-06-26 06:51:42.007: [INFO][Sync] Loading: Device Info
2026-06-26 06:51:42.007: [INFO][Sync] Loading: User Consents
2026-06-26 06:51:42.007: [INFO][Sync] Loading: Send Tab To Self
2026-06-26 06:51:42.007: [INFO][Sync] Loading: Web Apps
2026-06-26 06:51:42.007: [INFO][Sync] Loading: History
2026-06-26 06:51:42.007: [INFO][Sync] Loading: Saved Tab Group
2026-06-26 06:51:42.007: [INFO][Sync] Loading: WebAuthn Credentials
2026-06-26 06:51:42.007: [INFO][Sync] Loading: Edge E Drop
2026-06-26 06:51:42.007: [INFO][Sync] Loading: Edge Hub App Usage
2026-06-26 06:51:42.007: [INFO][Sync] Loading: Edge Wallet
2026-06-26 06:51:42.007: [INFO][Sync] Loading: Edge Workspace
2026-06-26 06:51:42.188: [INFO][Sync] All data types are ready for configure.
2026-06-26 06:51:42.495: [INFO][Sync] Started DataTypeManager configuration, reason: 5
2026-06-26 06:51:42.495: [INFO][Sync] Configuring for: Bookmarks, Preferences, Passwords, Autofill Profiles, Autofill, Extensions, Sessions, Extension settings, History Delete Directives, Device Info, User Consents, Send Tab To Self, Web Apps, History, Saved Tab Group, WebAuthn Credentials, Edge E Drop, Edge Hub App Usage, Edge Wallet, Edge Workspace, Encryption Keys, reason: 5, current state: 1
2026-06-26 06:51:42.511: [INFO][SyncEngineBackend::DoStartConfiguration] Start configuration
2026-06-26 06:51:42.512: [INFO][SyncManagerImpl::ConfigureSyncer] Types to download:  with reason: 4
2026-06-26 06:51:42.512: [INFO][SyncEngineBackend::DoFinishConfigureDataTypes] Failed to download types:  and succeeded types: 
2026-06-26 06:51:42.521: [INFO][Sync] ConfigurationDone, failed: , succeeded: , remaining count: 4
2026-06-26 06:51:42.521: [WARN][Sync]     Reconfigure requested while configuration ongoing.
2026-06-26 06:51:42.521: [INFO][Sync] Configuring for: Bookmarks, Preferences, Passwords, Autofill Profiles, Autofill, Extensions, Sessions, Extension settings, History Delete Directives, Device Info, User Consents, Send Tab To Self, Web Apps, History, Saved Tab Group, WebAuthn Credentials, Edge E Drop, Edge Hub App Usage, Edge Wallet, Edge Workspace, Encryption Keys, reason: 5, current state: 2
2026-06-26 06:51:42.521: [INFO][Sync] Configure, desired: Bookmarks, Preferences, Passwords, Autofill Profiles, Autofill, Extensions, Sessions, Extension settings, History Delete Directives, Device Info, User Consents, Send Tab To Self, Web Apps, History, Saved Tab Group, WebAuthn Credentials, Edge E Drop, Edge Hub App Usage, Edge Wallet, Edge Workspace, Encryption Keys; Allow fail: 
2026-06-26 06:51:42.521: [INFO][Sync] Loading: Passwords
2026-06-26 06:51:42.521: [INFO][Sync] Loading: Autofill Profiles
2026-06-26 06:51:42.521: [INFO][Sync] Loading: Autofill
2026-06-26 06:51:42.521: [INFO][Sync] All data types are ready for configure.
2026-06-26 06:51:42.522: [INFO][SyncManagerImpl::NudgeForInitialDownload] Initial download nudge for Passwords
2026-06-26 06:51:42.522: [INFO][SyncManagerImpl::ConfigureSyncer] Types to download:  with reason: 5
2026-06-26 06:51:42.522: [INFO][SyncEngineBackend::DoFinishConfigureDataTypes] Failed to download types:  and succeeded types: 
2026-06-26 06:51:42.523: [INFO][Sync] ConfigurationDone, failed: , succeeded: , remaining count: 4
2026-06-26 06:51:42.523: [INFO][Sync] Prepare to configure types: Passwords, Encryption Keys
2026-06-26 06:51:42.523: [INFO][SyncManagerImpl::ConfigureSyncer] Types to download: Passwords, Encryption Keys with reason: 5
2026-06-26 06:51:42.523: [INFO][SyncSchedulerImpl::DoConfigurationSyncCycleJob] Blocked types:  and types to download: Passwords, Encryption Keys
2026-06-26 06:51:42.798: [INFO][SyncEngineBackend::DoFinishConfigureDataTypes] Failed to download types:  and succeeded types: Passwords, Encryption Keys
2026-06-26 06:51:42.812: [INFO][Sync] ConfigurationDone, failed: , succeeded: Passwords, Encryption Keys, remaining count: 3
2026-06-26 06:51:42.812: [INFO][SyncManagerImpl::ConfigureSyncer] Types to download:  with reason: 5
2026-06-26 06:51:42.812: [INFO][SyncEngineBackend::DoFinishConfigureDataTypes] Failed to download types:  and succeeded types: 
2026-06-26 06:51:42.813: [INFO][Sync] ConfigurationDone, failed: , succeeded: , remaining count: 2
2026-06-26 06:51:42.813: [INFO][SyncManagerImpl::ConfigureSyncer] Types to download:  with reason: 5
2026-06-26 06:51:42.814: [INFO][SyncEngineBackend::DoFinishConfigureDataTypes] Failed to download types:  and succeeded types: 
2026-06-26 06:51:42.823: [INFO][Sync] ConfigurationDone, failed: , succeeded: , remaining count: 1
2026-06-26 06:51:42.837: [INFO][SyncManagerImpl::ConfigureSyncer] Types to download:  with reason: 5
2026-06-26 06:51:42.837: [INFO][SyncEngineBackend::DoFinishConfigureDataTypes] Failed to download types:  and succeeded types: 
2026-06-26 06:51:42.839: [INFO][Sync] ConfigurationDone, failed: , succeeded: , remaining count: 0
2026-06-26 06:51:42.852: [INFO][Sync]     Configuration completed, state: 7
2026-06-26 06:51:42.857: [INFO][Sync] Configured DataTypeManager: Ok
2026-06-26 06:51:42.877: [INFO][SyncEngineBackend::DoStartSyncing] Start syncing
2026-06-26 06:54:25.025: [INFO][Sync] Reset engine, reason: 0
2026-06-26 06:54:25.025: [INFO][Sync] Reset engine with reason: 0
2026-06-26 18:00:09.216: [INFO][Sync] Reset engine, reason: 8
2026-06-26 18:00:09.216: [INFO][Sync] Stopped: Bookmarks
2026-06-26 18:00:09.216: [INFO][Sync] Stopped: Preferences
2026-06-26 18:00:09.216: [INFO][Sync] Stopped: Passwords
2026-06-26 18:00:09.216: [INFO][Sync] Stopped: Autofill Profiles
2026-06-26 18:00:09.216: [INFO][Sync] Stopped: Autofill
2026-06-26 18:00:09.216: [INFO][Sync] Stopped: Extensions
2026-06-26 18:00:09.216: [INFO][Sync] Stopped: Sessions
2026-06-26 18:00:09.216: [INFO][Sync] Stopped: Extension settings
2026-06-26 18:00:09.216: [INFO][Sync] Stopped: History Delete Directives
2026-06-26 18:00:09.216: [INFO][Sync] Stopped: Device Info
2026-06-26 18:00:09.216: [INFO][Sync] Stopped: User Consents
2026-06-26 18:00:09.216: [INFO][Sync] Stopped: Send Tab To Self
2026-06-26 18:00:09.216: [INFO][Sync] Stopped: Web Apps
2026-06-26 18:00:09.216: [INFO][Sync] Stopped: History
2026-06-26 18:00:09.216: [INFO][Sync] Stopped: Saved Tab Group
2026-06-26 18:00:09.216: [INFO][Sync] Stopped: WebAuthn Credentials
2026-06-26 18:00:09.216: [INFO][Sync] Stopped: Edge E Drop
2026-06-26 18:00:09.216: [INFO][Sync] Stopped: Edge Hub App Usage
2026-06-26 18:00:09.216: [INFO][Sync] Stopped: Edge Journey
2026-06-26 18:00:09.216: [INFO][Sync] Stopped: Edge Wallet
2026-06-26 18:00:09.216: [INFO][Sync] Stopped: Edge Workspace
2026-06-26 18:00:09.216: [INFO][Sync] SyncState after authenticated was: NotSignedIn
2026-06-26 18:00:09.979: [INFO][Sync] Reset engine, reason: 8
2026-06-26 18:00:09.979: [INFO][Sync] Stopped: Bookmarks
2026-06-26 18:00:09.979: [INFO][Sync] Stopped: Preferences
2026-06-26 18:00:09.979: [INFO][Sync] Stopped: Passwords
2026-06-26 18:00:09.979: [INFO][Sync] Stopped: Autofill Profiles
2026-06-26 18:00:09.979: [INFO][Sync] Stopped: Autofill
2026-06-26 18:00:09.979: [INFO][Sync] Stopped: Extensions
2026-06-26 18:00:09.979: [INFO][Sync] Stopped: Sessions
2026-06-26 18:00:09.979: [INFO][Sync] Stopped: Extension settings
2026-06-26 18:00:09.979: [INFO][Sync] Stopped: History Delete Directives
2026-06-26 18:00:09.979: [INFO][Sync] Stopped: Device Info
2026-06-26 18:00:09.979: [INFO][Sync] Stopped: User Consents
2026-06-26 18:00:09.979: [INFO][Sync] Stopped: Send Tab To Self
2026-06-26 18:00:09.979: [INFO][Sync] Stopped: Web Apps
2026-06-26 18:00:09.979: [INFO][Sync] Stopped: History
2026-06-26 18:00:09.979: [INFO][Sync] Stopped: Saved Tab Group
2026-06-26 18:00:09.979: [INFO][Sync] Stopped: WebAuthn Credentials
2026-06-26 18:00:09.979: [INFO][Sync] Stopped: Edge E Drop
2026-06-26 18:00:09.979: [INFO][Sync] Stopped: Edge Hub App Usage
2026-06-26 18:00:09.979: [INFO][Sync] Stopped: Edge Journey
2026-06-26 18:00:09.979: [INFO][Sync] Stopped: Edge Wallet
2026-06-26 18:00:09.979: [INFO][Sync] Stopped: Edge Workspace
2026-06-26 18:00:47.446: [INFO][Sync] Try to start sync engine
2026-06-26 18:00:47.449: [INFO][SyncManagerImpl::NudgeForInitialDownload] Initial download nudge for Encryption Keys
2026-06-26 18:00:47.449: [INFO][SyncEngineBackend::LoadAndConnectNigoriController] Load and connect Nigori controller
2026-06-26 18:00:47.449: [INFO][SyncEngineBackend::DoInitialize] Control Types added: Encryption Keys
2026-06-26 18:00:47.449: [INFO][SyncManagerImpl::ConfigureSyncer] Types to download: Encryption Keys with reason: 3
2026-06-26 18:00:47.449: [INFO][SyncSchedulerImpl::DoConfigurationSyncCycleJob] Configure job was blocked
2026-06-26 18:00:47.588: [INFO][SyncAuthManager::SetLastAuthError] Current auth error: None
2026-06-26 18:00:47.588: [INFO][SyncAuthManager::EdgeLogTokenErrorState] Token error with: None for account type: MSA
2026-06-26 18:00:47.588: [INFO][Sync] Credentials changed for: EdgeSyncScopeNew
2026-06-26 18:00:49.160: [INFO][SyncAuthManager::SetLastAuthError] Current auth error: None
2026-06-26 18:00:49.160: [INFO][SyncAuthManager::EdgeLogTokenErrorState] Token error with: None for account type: MSA
2026-06-26 18:00:49.160: [INFO][Sync] Credentials changed for: EdgeSyncKeyDataScope
2026-06-26 18:00:49.161: [INFO][SyncEngineBackend::DoUpdateKeyDataCredentials] Update key data credentials
2026-06-26 18:00:49.161: [INFO][SyncEngineBackend::DoUpdateCredentials] Update credentials
2026-06-26 18:00:49.161: [INFO][SyncSchedulerImpl::DoConfigurationSyncCycleJob] Blocked types:  and types to download: Encryption Keys
2026-06-26 18:00:50.217: [INFO][Sync] Started DataTypeManager configuration, reason: 4
2026-06-26 18:00:50.258: [INFO][Sync] Configuring for: Bookmarks, Preferences, Passwords, Autofill Profiles, Autofill, Extensions, Sessions, Extension settings, History Delete Directives, Device Info, User Consents, Send Tab To Self, Web Apps, History, Saved Tab Group, WebAuthn Credentials, Edge E Drop, Edge Hub App Usage, Edge Wallet, Edge Workspace, Encryption Keys, reason: 4, current state: 0
2026-06-26 18:00:50.259: [WARN][Sync] Crypto error data types: Passwords, Autofill Profiles, Autofill
2026-06-26 18:00:50.281: [INFO][Sync] Configure, desired: Bookmarks, Preferences, Extensions, Sessions, Extension settings, History Delete Directives, Device Info, User Consents, Send Tab To Self, Web Apps, History, Saved Tab Group, WebAuthn Credentials, Edge E Drop, Edge Hub App Usage, Edge Wallet, Edge Workspace, Encryption Keys; Allow fail: Passwords, Autofill Profiles, Autofill
2026-06-26 18:00:50.281: [INFO][Sync] Loading: Bookmarks
2026-06-26 18:00:50.281: [INFO][Sync] Loading: Preferences
2026-06-26 18:00:50.281: [INFO][Sync] Loading: Extensions
2026-06-26 18:00:50.289: [INFO][Sync] Loading: Sessions
2026-06-26 18:00:50.289: [INFO][Sync] Loading: Extension settings
2026-06-26 18:00:50.289: [INFO][Sync] Loading: History Delete Directives
2026-06-26 18:00:50.289: [INFO][Sync] Loading: Device Info
2026-06-26 18:00:50.289: [INFO][Sync] Loading: User Consents
2026-06-26 18:00:50.289: [INFO][Sync] Loading: Send Tab To Self
2026-06-26 18:00:50.289: [INFO][Sync] Loading: Web Apps
2026-06-26 18:00:50.289: [INFO][Sync] Loading: History
2026-06-26 18:00:50.289: [INFO][Sync] Loading: Saved Tab Group
2026-06-26 18:00:50.289: [INFO][Sync] Loading: WebAuthn Credentials
2026-06-26 18:00:50.289: [INFO][Sync] Loading: Edge E Drop
2026-06-26 18:00:50.289: [INFO][Sync] Loading: Edge Hub App Usage
2026-06-26 18:00:50.289: [INFO][Sync] Loading: Edge Wallet
2026-06-26 18:00:50.289: [INFO][Sync] Loading: Edge Workspace
2026-06-26 18:00:50.341: [INFO][Sync] All data types are ready for configure.
2026-06-26 18:00:51.201: [INFO][Sync] Started DataTypeManager configuration, reason: 5
2026-06-26 18:00:51.202: [INFO][Sync] Configuring for: Bookmarks, Preferences, Passwords, Autofill Profiles, Autofill, Extensions, Sessions, Extension settings, History Delete Directives, Device Info, User Consents, Send Tab To Self, Web Apps, History, Saved Tab Group, WebAuthn Credentials, Edge E Drop, Edge Hub App Usage, Edge Wallet, Edge Workspace, Encryption Keys, reason: 5, current state: 1
2026-06-26 18:00:51.217: [INFO][SyncEngineBackend::DoStartConfiguration] Start configuration
2026-06-26 18:00:51.226: [INFO][SyncManagerImpl::NudgeForInitialDownload] Initial download nudge for Bookmarks
2026-06-26 18:00:51.226: [INFO][SyncManagerImpl::NudgeForInitialDownload] Initial download nudge for Preferences
2026-06-26 18:00:51.226: [INFO][SyncManagerImpl::NudgeForInitialDownload] Initial download nudge for Extensions
2026-06-26 18:00:51.227: [INFO][SyncManagerImpl::NudgeForInitialDownload] Initial download nudge for Sessions
2026-06-26 18:00:51.227: [INFO][SyncManagerImpl::NudgeForInitialDownload] Initial download nudge for Extension settings
2026-06-26 18:00:51.227: [INFO][SyncManagerImpl::NudgeForInitialDownload] Initial download nudge for History Delete Directives
2026-06-26 18:00:51.227: [INFO][SyncManagerImpl::NudgeForInitialDownload] Initial download nudge for Device Info
2026-06-26 18:00:51.227: [INFO][SyncManagerImpl::NudgeForInitialDownload] Initial download nudge for Send Tab To Self
2026-06-26 18:00:51.227: [INFO][SyncManagerImpl::NudgeForInitialDownload] Initial download nudge for Web Apps
2026-06-26 18:00:51.227: [INFO][SyncManagerImpl::NudgeForInitialDownload] Initial download nudge for History
2026-06-26 18:00:51.227: [INFO][SyncManagerImpl::NudgeForInitialDownload] Initial download nudge for Saved Tab Group
2026-06-26 18:00:51.227: [INFO][SyncManagerImpl::NudgeForInitialDownload] Initial download nudge for WebAuthn Credentials
2026-06-26 18:00:51.227: [INFO][SyncManagerImpl::NudgeForInitialDownload] Initial download nudge for Edge E Drop
2026-06-26 18:00:51.227: [INFO][SyncManagerImpl::NudgeForInitialDownload] Initial download nudge for Edge Hub App Usage
2026-06-26 18:00:51.227: [INFO][SyncManagerImpl::NudgeForInitialDownload] Initial download nudge for Edge Wallet
2026-06-26 18:00:51.227: [INFO][SyncManagerImpl::NudgeForInitialDownload] Initial download nudge for Edge Workspace
2026-06-26 18:00:51.227: [INFO][SyncManagerImpl::ConfigureSyncer] Types to download:  with reason: 4
2026-06-26 18:00:51.227: [INFO][SyncEngineBackend::DoFinishConfigureDataTypes] Failed to download types:  and succeeded types: 
2026-06-26 18:00:51.240: [INFO][Sync] ConfigurationDone, failed: , succeeded: , remaining count: 4
2026-06-26 18:00:51.240: [WARN][Sync]     Reconfigure requested while configuration ongoing.
2026-06-26 18:00:51.240: [INFO][Sync] Configuring for: Bookmarks, Preferences, Passwords, Autofill Profiles, Autofill, Extensions, Sessions, Extension settings, History Delete Directives, Device Info, User Consents, Send Tab To Self, Web Apps, History, Saved Tab Group, WebAuthn Credentials, Edge E Drop, Edge Hub App Usage, Edge Wallet, Edge Workspace, Encryption Keys, reason: 5, current state: 2
2026-06-26 18:00:51.240: [INFO][Sync] Configure, desired: Bookmarks, Preferences, Passwords, Autofill Profiles, Autofill, Extensions, Sessions, Extension settings, History Delete Directives, Device Info, User Consents, Send Tab To Self, Web Apps, History, Saved Tab Group, WebAuthn Credentials, Edge E Drop, Edge Hub App Usage, Edge Wallet, Edge Workspace, Encryption Keys; Allow fail: 
2026-06-26 18:00:51.240: [INFO][Sync] Loading: Passwords
2026-06-26 18:00:51.240: [INFO][Sync] Loading: Autofill Profiles
2026-06-26 18:00:51.240: [INFO][Sync] Loading: Autofill
2026-06-26 18:00:51.240: [INFO][Sync] All data types are ready for configure.
2026-06-26 18:00:51.240: [INFO][SyncManagerImpl::NudgeForInitialDownload] Initial download nudge for Passwords
2026-06-26 18:00:51.240: [INFO][SyncManagerImpl::NudgeForInitialDownload] Initial download nudge for Autofill Profiles
2026-06-26 18:00:51.240: [INFO][SyncManagerImpl::NudgeForInitialDownload] Initial download nudge for Autofill
2026-06-26 18:00:51.240: [INFO][SyncManagerImpl::ConfigureSyncer] Types to download:  with reason: 5
2026-06-26 18:00:51.240: [INFO][SyncEngineBackend::DoFinishConfigureDataTypes] Failed to download types:  and succeeded types: 
2026-06-26 18:00:51.242: [INFO][Sync] ConfigurationDone, failed: , succeeded: , remaining count: 4
2026-06-26 18:00:51.242: [INFO][Sync] Prepare to configure types: Preferences, Passwords, Device Info, Send Tab To Self, Edge E Drop, Encryption Keys
2026-06-26 18:00:51.242: [INFO][SyncManagerImpl::ConfigureSyncer] Types to download: Preferences, Passwords, Device Info, Send Tab To Self, Edge E Drop, Encryption Keys with reason: 5
2026-06-26 18:00:51.242: [INFO][SyncSchedulerImpl::DoConfigurationSyncCycleJob] Blocked types:  and types to download: Preferences, Passwords, Device Info, Send Tab To Self, Edge E Drop, Encryption Keys
2026-06-26 18:00:53.896: [INFO][SyncEngineBackend::DoFinishConfigureDataTypes] Failed to download types:  and succeeded types: Preferences, Passwords, Device Info, Send Tab To Self, Edge E Drop, Encryption Keys
2026-06-26 18:00:53.914: [INFO][Sync] ConfigurationDone, failed: , succeeded: Preferences, Passwords, Device Info, Send Tab To Self, Edge E Drop, Encryption Keys, remaining count: 3
2026-06-26 18:00:53.914: [INFO][Sync] Prepare to configure types: Bookmarks, Encryption Keys
2026-06-26 18:00:53.914: [INFO][SyncManagerImpl::ConfigureSyncer] Types to download: Bookmarks, Encryption Keys with reason: 5
2026-06-26 18:00:53.914: [INFO][SyncSchedulerImpl::DoConfigurationSyncCycleJob] Blocked types:  and types to download: Bookmarks, Encryption Keys
2026-06-26 18:00:57.079: [INFO][SyncEngineBackend::DoFinishConfigureDataTypes] Failed to download types:  and succeeded types: Bookmarks, Encryption Keys
2026-06-26 18:00:57.102: [INFO][Sync] ConfigurationDone, failed: , succeeded: Bookmarks, Encryption Keys, remaining count: 2
2026-06-26 18:00:57.102: [INFO][Sync] Prepare to configure types: Autofill Profiles, Autofill, Extensions, Sessions, Extension settings, History Delete Directives, Web Apps, Saved Tab Group, WebAuthn Credentials, Edge Hub App Usage, Edge Wallet, Edge Workspace, Encryption Keys
2026-06-26 18:00:57.102: [INFO][SyncManagerImpl::ConfigureSyncer] Types to download: Autofill Profiles, Autofill, Extensions, Sessions, Extension settings, History Delete Directives, Web Apps, Saved Tab Group, WebAuthn Credentials, Edge Hub App Usage, Edge Wallet, Edge Workspace, Encryption Keys with reason: 5
2026-06-26 18:00:57.102: [INFO][SyncSchedulerImpl::DoConfigurationSyncCycleJob] Blocked types:  and types to download: Autofill Profiles, Autofill, Extensions, Sessions, Extension settings, History Delete Directives, Web Apps, Saved Tab Group, WebAuthn Credentials, Edge Hub App Usage, Edge Wallet, Edge Workspace, Encryption Keys
2026-06-26 18:01:01.464: [INFO][SyncEngineBackend::DoFinishConfigureDataTypes] Failed to download types:  and succeeded types: Autofill Profiles, Autofill, Extensions, Sessions, Extension settings, History Delete Directives, Web Apps, Saved Tab Group, WebAuthn Credentials, Edge Hub App Usage, Edge Wallet, Edge Workspace, Encryption Keys
2026-06-26 18:01:01.482: [INFO][Sync] ConfigurationDone, failed: , succeeded: Autofill Profiles, Autofill, Extensions, Sessions, Extension settings, History Delete Directives, Web Apps, Saved Tab Group, WebAuthn Credentials, Edge Hub App Usage, Edge Wallet, Edge Workspace, Encryption Keys, remaining count: 1
2026-06-26 18:01:01.499: [INFO][Sync] Prepare to configure types: History, Encryption Keys
2026-06-26 18:01:01.499: [INFO][SyncManagerImpl::ConfigureSyncer] Types to download: History, Encryption Keys with reason: 5
2026-06-26 18:01:01.499: [INFO][SyncSchedulerImpl::DoConfigurationSyncCycleJob] Blocked types:  and types to download: History, Encryption Keys
2026-06-26 18:01:06.366: [INFO][SyncEngineBackend::DoFinishConfigureDataTypes] Failed to download types:  and succeeded types: History, Encryption Keys
2026-06-26 18:01:06.382: [INFO][Sync] ConfigurationDone, failed: , succeeded: History, Encryption Keys, remaining count: 0
2026-06-26 18:01:06.396: [INFO][Sync]     Configuration completed, state: 7
2026-06-26 18:01:06.396: [INFO][Sync] Configured DataTypeManager: Ok
2026-06-26 18:01:06.412: [INFO][SyncEngineBackend::DoStartSyncing] Start syncing
2026-06-26 18:11:08.218: [INFO][Sync] Reset engine, reason: 0
2026-06-26 18:11:08.218: [INFO][Sync] Reset engine with reason: 0
2026-06-26 18:12:35.746: [INFO][Sync] SyncState after authenticated was: FeatureCanStart
2026-06-26 18:12:42.868: [INFO][SyncAuthManager::SetLastAuthError] Current auth error: None
2026-06-26 18:12:42.868: [INFO][SyncAuthManager::EdgeLogTokenErrorState] Token error with: None for account type: MSA
2026-06-26 18:12:42.879: [INFO][Sync] Credentials changed for: EdgeSyncKeyDataScope
2026-06-26 18:12:46.014: [INFO][Sync] Try to start sync engine
2026-06-26 18:12:46.064: [INFO][SyncAuthManager::SetLastAuthError] Current auth error: None
2026-06-26 18:12:46.064: [INFO][SyncAuthManager::EdgeLogTokenErrorState] Token error with: None for account type: MSA
2026-06-26 18:12:46.064: [INFO][Sync] Credentials changed for: EdgeSyncScopeNew
2026-06-26 18:12:46.702: [INFO][SyncManagerImpl::NudgeForInitialDownload] Initial download nudge for Encryption Keys
2026-06-26 18:12:46.702: [INFO][SyncEngineBackend::LoadAndConnectNigoriController] Load and connect Nigori controller
2026-06-26 18:12:46.722: [INFO][SyncEngineBackend::DoInitialize] Control Types added: Encryption Keys
2026-06-26 18:12:46.722: [INFO][SyncManagerImpl::ConfigureSyncer] Types to download: Encryption Keys with reason: 3
2026-06-26 18:12:46.730: [INFO][SyncEngineBackend::DoUpdateKeyDataCredentials] Update key data credentials
2026-06-26 18:12:46.730: [INFO][SyncEngineBackend::DoUpdateCredentials] Update credentials
2026-06-26 18:12:46.730: [INFO][SyncEngineBackend::DoUpdateKeyDataCredentials] Update key data credentials
2026-06-26 18:12:46.798: [INFO][SyncSchedulerImpl::DoConfigurationSyncCycleJob] Blocked types:  and types to download: Encryption Keys
2026-06-26 18:12:50.981: [INFO][Sync] Started DataTypeManager configuration, reason: 4
2026-06-26 18:12:51.049: [INFO][Sync] Configuring for: Bookmarks, Preferences, Passwords, Autofill Profiles, Autofill, Extensions, Sessions, Extension settings, History Delete Directives, Device Info, User Consents, Send Tab To Self, Web Apps, History, Saved Tab Group, WebAuthn Credentials, Edge E Drop, Edge Hub App Usage, Edge Wallet, Edge Workspace, Encryption Keys, reason: 4, current state: 0
2026-06-26 18:12:51.114: [WARN][Sync] Crypto error data types: Passwords, Autofill Profiles, Autofill
2026-06-26 18:12:51.295: [INFO][Sync] Configure, desired: Bookmarks, Preferences, Extensions, Sessions, Extension settings, History Delete Directives, Device Info, User Consents, Send Tab To Self, Web Apps, History, Saved Tab Group, WebAuthn Credentials, Edge E Drop, Edge Hub App Usage, Edge Wallet, Edge Workspace, Encryption Keys; Allow fail: Passwords, Autofill Profiles, Autofill
2026-06-26 18:12:51.427: [INFO][Sync] Loading: Bookmarks
2026-06-26 18:12:51.427: [INFO][Sync] Loading: Preferences
2026-06-26 18:12:51.427: [INFO][Sync] Loading: Extensions
2026-06-26 18:12:51.533: [INFO][Sync] Loading: Sessions
2026-06-26 18:12:51.580: [INFO][Sync] Loading: Extension settings
2026-06-26 18:12:51.581: [INFO][Sync] Loading: History Delete Directives
2026-06-26 18:12:51.581: [INFO][Sync] Loading: Device Info
2026-06-26 18:12:51.581: [INFO][Sync] Loading: User Consents
2026-06-26 18:12:51.581: [INFO][Sync] Loading: Send Tab To Self
2026-06-26 18:12:51.581: [INFO][Sync] Loading: Web Apps
2026-06-26 18:12:51.581: [INFO][Sync] Loading: History
2026-06-26 18:12:51.581: [INFO][Sync] Loading: Saved Tab Group
2026-06-26 18:12:51.581: [INFO][Sync] Loading: WebAuthn Credentials
2026-06-26 18:12:51.581: [INFO][Sync] Loading: Edge E Drop
2026-06-26 18:12:51.581: [INFO][Sync] Loading: Edge Hub App Usage
2026-06-26 18:12:51.581: [INFO][Sync] Loading: Edge Wallet
2026-06-26 18:12:51.581: [INFO][Sync] Loading: Edge Workspace
2026-06-26 18:12:52.185: [INFO][Sync] All data types are ready for configure.
2026-06-26 18:12:53.861: [INFO][Sync] Started DataTypeManager configuration, reason: 5
2026-06-26 18:12:53.862: [INFO][Sync] Configuring for: Bookmarks, Preferences, Passwords, Autofill Profiles, Autofill, Extensions, Sessions, Extension settings, History Delete Directives, Device Info, User Consents, Send Tab To Self, Web Apps, History, Saved Tab Group, WebAuthn Credentials, Edge E Drop, Edge Hub App Usage, Edge Wallet, Edge Workspace, Encryption Keys, reason: 5, current state: 1
2026-06-26 18:12:53.972: [INFO][SyncEngineBackend::DoStartConfiguration] Start configuration
2026-06-26 18:12:53.972: [INFO][SyncManagerImpl::ConfigureSyncer] Types to download:  with reason: 4
2026-06-26 18:12:53.972: [INFO][SyncEngineBackend::DoFinishConfigureDataTypes] Failed to download types:  and succeeded types: 
2026-06-26 18:12:54.102: [INFO][Sync] ConfigurationDone, failed: , succeeded: , remaining count: 4
2026-06-26 18:12:54.102: [WARN][Sync]     Reconfigure requested while configuration ongoing.
2026-06-26 18:12:54.102: [INFO][Sync] Configuring for: Bookmarks, Preferences, Passwords, Autofill Profiles, Autofill, Extensions, Sessions, Extension settings, History Delete Directives, Device Info, User Consents, Send Tab To Self, Web Apps, History, Saved Tab Group, WebAuthn Credentials, Edge E Drop, Edge Hub App Usage, Edge Wallet, Edge Workspace, Encryption Keys, reason: 5, current state: 2
2026-06-26 18:12:54.102: [INFO][Sync] Configure, desired: Bookmarks, Preferences, Passwords, Autofill Profiles, Autofill, Extensions, Sessions, Extension settings, History Delete Directives, Device Info, User Consents, Send Tab To Self, Web Apps, History, Saved Tab Group, WebAuthn Credentials, Edge E Drop, Edge Hub App Usage, Edge Wallet, Edge Workspace, Encryption Keys; Allow fail: 
2026-06-26 18:12:54.102: [INFO][Sync] Loading: Passwords
2026-06-26 18:12:54.102: [INFO][Sync] Loading: Autofill Profiles
2026-06-26 18:12:54.102: [INFO][Sync] Loading: Autofill
2026-06-26 18:12:54.116: [INFO][Sync] All data types are ready for configure.
2026-06-26 18:12:54.116: [INFO][SyncManagerImpl::NudgeForInitialDownload] Initial download nudge for Passwords
2026-06-26 18:12:54.116: [INFO][SyncManagerImpl::ConfigureSyncer] Types to download:  with reason: 5
2026-06-26 18:12:54.116: [INFO][SyncEngineBackend::DoFinishConfigureDataTypes] Failed to download types:  and succeeded types: 
2026-06-26 18:12:54.116: [INFO][Sync] ConfigurationDone, failed: , succeeded: , remaining count: 4
2026-06-26 18:12:54.116: [INFO][Sync] Prepare to configure types: Passwords, Encryption Keys
2026-06-26 18:12:54.116: [INFO][SyncManagerImpl::ConfigureSyncer] Types to download: Passwords, Encryption Keys with reason: 5
2026-06-26 18:12:54.116: [INFO][SyncSchedulerImpl::DoConfigurationSyncCycleJob] Blocked types:  and types to download: Passwords, Encryption Keys
2026-06-26 18:12:55.086: [INFO][SyncEngineBackend::DoFinishConfigureDataTypes] Failed to download types:  and succeeded types: Passwords, Encryption Keys
2026-06-26 18:12:55.105: [INFO][Sync] ConfigurationDone, failed: , succeeded: Passwords, Encryption Keys, remaining count: 3
2026-06-26 18:12:55.105: [INFO][SyncManagerImpl::ConfigureSyncer] Types to download:  with reason: 5
2026-06-26 18:12:55.105: [INFO][SyncEngineBackend::DoFinishConfigureDataTypes] Failed to download types:  and succeeded types: 
2026-06-26 18:12:55.111: [INFO][Sync] ConfigurationDone, failed: , succeeded: , remaining count: 2
2026-06-26 18:12:55.111: [INFO][SyncManagerImpl::ConfigureSyncer] Types to download:  with reason: 5
2026-06-26 18:12:55.111: [INFO][SyncEngineBackend::DoFinishConfigureDataTypes] Failed to download types:  and succeeded types: 
2026-06-26 18:12:55.111: [INFO][Sync] ConfigurationDone, failed: , succeeded: , remaining count: 1
2026-06-26 18:12:55.123: [INFO][SyncManagerImpl::ConfigureSyncer] Types to download:  with reason: 5
2026-06-26 18:12:55.123: [INFO][SyncEngineBackend::DoFinishConfigureDataTypes] Failed to download types:  and succeeded types: 
2026-06-26 18:12:55.125: [INFO][Sync] ConfigurationDone, failed: , succeeded: , remaining count: 0
2026-06-26 18:12:55.141: [INFO][Sync]     Configuration completed, state: 7
2026-06-26 18:12:55.148: [INFO][Sync] Configured DataTypeManager: Ok
2026-06-26 18:12:55.179: [INFO][SyncEngineBackend::DoStartSyncing] Start syncing
2026-06-26 18:14:23.910: [INFO][Sync] Reset engine, reason: 0
2026-06-26 18:14:23.910: [INFO][Sync] Reset engine with reason: 0
2026-06-26 19:57:13.880: [INFO][Sync] Reset engine, reason: 8
2026-06-26 19:57:13.880: [INFO][Sync] Stopped: Bookmarks
2026-06-26 19:57:13.880: [INFO][Sync] Stopped: Preferences
2026-06-26 19:57:13.880: [INFO][Sync] Stopped: Passwords
2026-06-26 19:57:13.880: [INFO][Sync] Stopped: Autofill Profiles
2026-06-26 19:57:13.880: [INFO][Sync] Stopped: Autofill
2026-06-26 19:57:13.880: [INFO][Sync] Stopped: Extensions
2026-06-26 19:57:13.880: [INFO][Sync] Stopped: Sessions
2026-06-26 19:57:13.880: [INFO][Sync] Stopped: Extension settings
2026-06-26 19:57:13.880: [INFO][Sync] Stopped: History Delete Directives
2026-06-26 19:57:13.880: [INFO][Sync] Stopped: Device Info
2026-06-26 19:57:13.880: [INFO][Sync] Stopped: User Consents
2026-06-26 19:57:13.880: [INFO][Sync] Stopped: Send Tab To Self
2026-06-26 19:57:13.880: [INFO][Sync] Stopped: Web Apps
2026-06-26 19:57:13.880: [INFO][Sync] Stopped: History
2026-06-26 19:57:13.880: [INFO][Sync] Stopped: Saved Tab Group
2026-06-26 19:57:13.880: [INFO][Sync] Stopped: WebAuthn Credentials
2026-06-26 19:57:13.880: [INFO][Sync] Stopped: Edge E Drop
2026-06-26 19:57:13.880: [INFO][Sync] Stopped: Edge Hub App Usage
2026-06-26 19:57:13.880: [INFO][Sync] Stopped: Edge Journey
2026-06-26 19:57:13.880: [INFO][Sync] Stopped: Edge Wallet
2026-06-26 19:57:13.880: [INFO][Sync] Stopped: Edge Workspace
2026-06-26 19:57:13.880: [INFO][Sync] SyncState after authenticated was: NotSignedIn
2026-06-26 19:57:14.801: [INFO][Sync] Reset engine, reason: 8
2026-06-26 19:57:14.801: [INFO][Sync] Stopped: Bookmarks
2026-06-26 19:57:14.801: [INFO][Sync] Stopped: Preferences
2026-06-26 19:57:14.801: [INFO][Sync] Stopped: Passwords
2026-06-26 19:57:14.801: [INFO][Sync] Stopped: Autofill Profiles
2026-06-26 19:57:14.801: [INFO][Sync] Stopped: Autofill
2026-06-26 19:57:14.801: [INFO][Sync] Stopped: Extensions
2026-06-26 19:57:14.801: [INFO][Sync] Stopped: Sessions
2026-06-26 19:57:14.801: [INFO][Sync] Stopped: Extension settings
2026-06-26 19:57:14.801: [INFO][Sync] Stopped: History Delete Directives
2026-06-26 19:57:14.801: [INFO][Sync] Stopped: Device Info
2026-06-26 19:57:14.801: [INFO][Sync] Stopped: User Consents
2026-06-26 19:57:14.801: [INFO][Sync] Stopped: Send Tab To Self
2026-06-26 19:57:14.801: [INFO][Sync] Stopped: Web Apps
2026-06-26 19:57:14.801: [INFO][Sync] Stopped: History
2026-06-26 19:57:14.801: [INFO][Sync] Stopped: Saved Tab Group
2026-06-26 19:57:14.801: [INFO][Sync] Stopped: WebAuthn Credentials
2026-06-26 19:57:14.801: [INFO][Sync] Stopped: Edge E Drop
2026-06-26 19:57:14.801: [INFO][Sync] Stopped: Edge Hub App Usage
2026-06-26 19:57:14.801: [INFO][Sync] Stopped: Edge Journey
2026-06-26 19:57:14.801: [INFO][Sync] Stopped: Edge Wallet
2026-06-26 19:57:14.801: [INFO][Sync] Stopped: Edge Workspace
2026-06-26 19:57:24.638: [INFO][Sync] Try to start sync engine
2026-06-26 19:57:24.644: [INFO][SyncManagerImpl::NudgeForInitialDownload] Initial download nudge for Encryption Keys
2026-06-26 19:57:24.644: [INFO][SyncEngineBackend::LoadAndConnectNigoriController] Load and connect Nigori controller
2026-06-26 19:57:24.644: [INFO][SyncEngineBackend::DoInitialize] Control Types added: Encryption Keys
2026-06-26 19:57:24.644: [INFO][SyncManagerImpl::ConfigureSyncer] Types to download: Encryption Keys with reason: 3
2026-06-26 19:57:24.644: [INFO][SyncSchedulerImpl::DoConfigurationSyncCycleJob] Configure job was blocked
2026-06-26 19:57:24.783: [INFO][SyncAuthManager::SetLastAuthError] Current auth error: None
2026-06-26 19:57:24.783: [INFO][SyncAuthManager::EdgeLogTokenErrorState] Token error with: None for account type: MSA
2026-06-26 19:57:24.783: [INFO][Sync] Credentials changed for: EdgeSyncScopeNew
2026-06-26 19:57:25.941: [INFO][SyncAuthManager::SetLastAuthError] Current auth error: None
2026-06-26 19:57:25.941: [INFO][SyncAuthManager::EdgeLogTokenErrorState] Token error with: None for account type: MSA
2026-06-26 19:57:25.941: [INFO][Sync] Credentials changed for: EdgeSyncKeyDataScope
2026-06-26 19:57:25.941: [INFO][SyncEngineBackend::DoUpdateKeyDataCredentials] Update key data credentials
2026-06-26 19:57:25.941: [INFO][SyncEngineBackend::DoUpdateCredentials] Update credentials
2026-06-26 19:57:25.941: [INFO][SyncSchedulerImpl::DoConfigurationSyncCycleJob] Blocked types:  and types to download: Encryption Keys
2026-06-26 19:57:26.801: [INFO][Sync] Started DataTypeManager configuration, reason: 4
2026-06-26 19:57:26.801: [INFO][Sync] Configuring for: Bookmarks, Preferences, Passwords, Autofill Profiles, Autofill, Extensions, Sessions, Extension settings, History Delete Directives, Device Info, User Consents, Send Tab To Self, Web Apps, History, Saved Tab Group, WebAuthn Credentials, Edge E Drop, Edge Hub App Usage, Edge Wallet, Edge Workspace, Encryption Keys, reason: 4, current state: 0
2026-06-26 19:57:26.801: [WARN][Sync] Crypto error data types: Passwords, Autofill Profiles, Autofill
2026-06-26 19:57:26.811: [INFO][Sync] Configure, desired: Bookmarks, Preferences, Extensions, Sessions, Extension settings, History Delete Directives, Device Info, User Consents, Send Tab To Self, Web Apps, History, Saved Tab Group, WebAuthn Credentials, Edge E Drop, Edge Hub App Usage, Edge Wallet, Edge Workspace, Encryption Keys; Allow fail: Passwords, Autofill Profiles, Autofill
2026-06-26 19:57:26.811: [INFO][Sync] Loading: Bookmarks
2026-06-26 19:57:26.811: [INFO][Sync] Loading: Preferences
2026-06-26 19:57:26.811: [INFO][Sync] Loading: Extensions
2026-06-26 19:57:26.811: [INFO][Sync] Loading: Sessions
2026-06-26 19:57:26.811: [INFO][Sync] Loading: Extension settings
2026-06-26 19:57:26.811: [INFO][Sync] Loading: History Delete Directives
2026-06-26 19:57:26.811: [INFO][Sync] Loading: Device Info
2026-06-26 19:57:26.811: [INFO][Sync] Loading: User Consents
2026-06-26 19:57:26.811: [INFO][Sync] Loading: Send Tab To Self
2026-06-26 19:57:26.811: [INFO][Sync] Loading: Web Apps
2026-06-26 19:57:26.811: [INFO][Sync] Loading: History
2026-06-26 19:57:26.811: [INFO][Sync] Loading: Saved Tab Group
2026-06-26 19:57:26.811: [INFO][Sync] Loading: WebAuthn Credentials
2026-06-26 19:57:26.811: [INFO][Sync] Loading: Edge E Drop
2026-06-26 19:57:26.811: [INFO][Sync] Loading: Edge Hub App Usage
2026-06-26 19:57:26.811: [INFO][Sync] Loading: Edge Wallet
2026-06-26 19:57:26.811: [INFO][Sync] Loading: Edge Workspace
2026-06-26 19:57:26.828: [INFO][Sync] All data types are ready for configure.
2026-06-26 19:57:27.365: [INFO][Sync] Started DataTypeManager configuration, reason: 5
2026-06-26 19:57:27.366: [INFO][Sync] Configuring for: Bookmarks, Preferences, Passwords, Autofill Profiles, Autofill, Extensions, Sessions, Extension settings, History Delete Directives, Device Info, User Consents, Send Tab To Self, Web Apps, History, Saved Tab Group, WebAuthn Credentials, Edge E Drop, Edge Hub App Usage, Edge Wallet, Edge Workspace, Encryption Keys, reason: 5, current state: 1
2026-06-26 19:57:27.377: [INFO][SyncEngineBackend::DoStartConfiguration] Start configuration
2026-06-26 19:57:27.377: [INFO][SyncManagerImpl::NudgeForInitialDownload] Initial download nudge for Bookmarks
2026-06-26 19:57:27.377: [INFO][SyncManagerImpl::NudgeForInitialDownload] Initial download nudge for Preferences
2026-06-26 19:57:27.377: [INFO][SyncManagerImpl::NudgeForInitialDownload] Initial download nudge for Extensions
2026-06-26 19:57:27.377: [INFO][SyncManagerImpl::NudgeForInitialDownload] Initial download nudge for Sessions
2026-06-26 19:57:27.377: [INFO][SyncManagerImpl::NudgeForInitialDownload] Initial download nudge for Extension settings
2026-06-26 19:57:27.377: [INFO][SyncManagerImpl::NudgeForInitialDownload] Initial download nudge for History Delete Directives
2026-06-26 19:57:27.377: [INFO][SyncManagerImpl::NudgeForInitialDownload] Initial download nudge for Device Info
2026-06-26 19:57:27.377: [INFO][SyncManagerImpl::NudgeForInitialDownload] Initial download nudge for Send Tab To Self
2026-06-26 19:57:27.377: [INFO][SyncManagerImpl::NudgeForInitialDownload] Initial download nudge for Web Apps
2026-06-26 19:57:27.377: [INFO][SyncManagerImpl::NudgeForInitialDownload] Initial download nudge for History
2026-06-26 19:57:27.377: [INFO][SyncManagerImpl::NudgeForInitialDownload] Initial download nudge for Saved Tab Group
2026-06-26 19:57:27.377: [INFO][SyncManagerImpl::NudgeForInitialDownload] Initial download nudge for WebAuthn Credentials
2026-06-26 19:57:27.377: [INFO][SyncManagerImpl::NudgeForInitialDownload] Initial download nudge for Edge E Drop
2026-06-26 19:57:27.377: [INFO][SyncManagerImpl::NudgeForInitialDownload] Initial download nudge for Edge Hub App Usage
2026-06-26 19:57:27.378: [INFO][SyncManagerImpl::NudgeForInitialDownload] Initial download nudge for Edge Wallet
2026-06-26 19:57:27.378: [INFO][SyncManagerImpl::NudgeForInitialDownload] Initial download nudge for Edge Workspace
2026-06-26 19:57:27.378: [INFO][SyncManagerImpl::ConfigureSyncer] Types to download:  with reason: 4
2026-06-26 19:57:27.378: [INFO][SyncEngineBackend::DoFinishConfigureDataTypes] Failed to download types:  and succeeded types: 
2026-06-26 19:57:27.388: [INFO][Sync] ConfigurationDone, failed: , succeeded: , remaining count: 4
2026-06-26 19:57:27.388: [WARN][Sync]     Reconfigure requested while configuration ongoing.
2026-06-26 19:57:27.388: [INFO][Sync] Configuring for: Bookmarks, Preferences, Passwords, Autofill Profiles, Autofill, Extensions, Sessions, Extension settings, History Delete Directives, Device Info, User Consents, Send Tab To Self, Web Apps, History, Saved Tab Group, WebAuthn Credentials, Edge E Drop, Edge Hub App Usage, Edge Wallet, Edge Workspace, Encryption Keys, reason: 5, current state: 2
2026-06-26 19:57:27.388: [INFO][Sync] Configure, desired: Bookmarks, Preferences, Passwords, Autofill Profiles, Autofill, Extensions, Sessions, Extension settings, History Delete Directives, Device Info, User Consents, Send Tab To Self, Web Apps, History, Saved Tab Group, WebAuthn Credentials, Edge E Drop, Edge Hub App Usage, Edge Wallet, Edge Workspace, Encryption Keys; Allow fail: 
2026-06-26 19:57:27.388: [INFO][Sync] Loading: Passwords
2026-06-26 19:57:27.388: [INFO][Sync] Loading: Autofill Profiles
2026-06-26 19:57:27.388: [INFO][Sync] Loading: Autofill
2026-06-26 19:57:27.389: [INFO][Sync] All data types are ready for configure.
2026-06-26 19:57:27.389: [INFO][SyncManagerImpl::NudgeForInitialDownload] Initial download nudge for Passwords
2026-06-26 19:57:27.389: [INFO][SyncManagerImpl::NudgeForInitialDownload] Initial download nudge for Autofill Profiles
2026-06-26 19:57:27.389: [INFO][SyncManagerImpl::NudgeForInitialDownload] Initial download nudge for Autofill
2026-06-26 19:57:27.389: [INFO][SyncManagerImpl::ConfigureSyncer] Types to download:  with reason: 5
2026-06-26 19:57:27.389: [INFO][SyncEngineBackend::DoFinishConfigureDataTypes] Failed to download types:  and succeeded types: 
2026-06-26 19:57:27.389: [INFO][Sync] ConfigurationDone, failed: , succeeded: , remaining count: 4
2026-06-26 19:57:27.389: [INFO][Sync] Prepare to configure types: Preferences, Passwords, Device Info, Send Tab To Self, Edge E Drop, Encryption Keys
2026-06-26 19:57:27.390: [INFO][SyncManagerImpl::ConfigureSyncer] Types to download: Preferences, Passwords, Device Info, Send Tab To Self, Edge E Drop, Encryption Keys with reason: 5
2026-06-26 19:57:27.390: [INFO][SyncSchedulerImpl::DoConfigurationSyncCycleJob] Blocked types:  and types to download: Preferences, Passwords, Device Info, Send Tab To Self, Edge E Drop, Encryption Keys
2026-06-26 19:57:28.017: [INFO][SyncEngineBackend::DoFinishConfigureDataTypes] Failed to download types:  and succeeded types: Preferences, Passwords, Device Info, Send Tab To Self, Edge E Drop, Encryption Keys
2026-06-26 19:57:28.051: [INFO][Sync] ConfigurationDone, failed: , succeeded: Preferences, Passwords, Device Info, Send Tab To Self, Edge E Drop, Encryption Keys, remaining count: 3
2026-06-26 19:57:28.051: [INFO][Sync] Prepare to configure types: Bookmarks, Encryption Keys
2026-06-26 19:57:28.051: [INFO][SyncManagerImpl::ConfigureSyncer] Types to download: Bookmarks, Encryption Keys with reason: 5
2026-06-26 19:57:28.051: [INFO][SyncSchedulerImpl::DoConfigurationSyncCycleJob] Blocked types:  and types to download: Bookmarks, Encryption Keys
2026-06-26 19:57:28.309: [INFO][SyncEngineBackend::DoFinishConfigureDataTypes] Failed to download types:  and succeeded types: Bookmarks, Encryption Keys
2026-06-26 19:57:28.337: [INFO][Sync] ConfigurationDone, failed: , succeeded: Bookmarks, Encryption Keys, remaining count: 2
2026-06-26 19:57:28.337: [INFO][Sync] Prepare to configure types: Autofill Profiles, Autofill, Extensions, Sessions, Extension settings, History Delete Directives, Web Apps, Saved Tab Group, WebAuthn Credentials, Edge Hub App Usage, Edge Wallet, Edge Workspace, Encryption Keys
2026-06-26 19:57:28.337: [INFO][SyncManagerImpl::ConfigureSyncer] Types to download: Autofill Profiles, Autofill, Extensions, Sessions, Extension settings, History Delete Directives, Web Apps, Saved Tab Group, WebAuthn Credentials, Edge Hub App Usage, Edge Wallet, Edge Workspace, Encryption Keys with reason: 5
2026-06-26 19:57:28.337: [INFO][SyncSchedulerImpl::DoConfigurationSyncCycleJob] Blocked types:  and types to download: Autofill Profiles, Autofill, Extensions, Sessions, Extension settings, History Delete Directives, Web Apps, Saved Tab Group, WebAuthn Credentials, Edge Hub App Usage, Edge Wallet, Edge Workspace, Encryption Keys
2026-06-26 19:57:36.485: [INFO][SyncEngineBackend::DoFinishConfigureDataTypes] Failed to download types:  and succeeded types: Autofill Profiles, Autofill, Extensions, Sessions, Extension settings, History Delete Directives, Web Apps, Saved Tab Group, WebAuthn Credentials, Edge Hub App Usage, Edge Wallet, Edge Workspace, Encryption Keys
2026-06-26 19:57:36.501: [INFO][Sync] ConfigurationDone, failed: , succeeded: Autofill Profiles, Autofill, Extensions, Sessions, Extension settings, History Delete Directives, Web Apps, Saved Tab Group, WebAuthn Credentials, Edge Hub App Usage, Edge Wallet, Edge Workspace, Encryption Keys, remaining count: 1
2026-06-26 19:57:36.510: [INFO][Sync] Prepare to configure types: History, Encryption Keys
2026-06-26 19:57:36.510: [INFO][SyncManagerImpl::ConfigureSyncer] Types to download: History, Encryption Keys with reason: 5
2026-06-26 19:57:36.510: [INFO][SyncSchedulerImpl::DoConfigurationSyncCycleJob] Blocked types:  and types to download: History, Encryption Keys
2026-06-26 19:57:43.275: [INFO][SyncEngineBackend::DoFinishConfigureDataTypes] Failed to download types:  and succeeded types: History, Encryption Keys
2026-06-26 19:57:43.299: [INFO][Sync] ConfigurationDone, failed: , succeeded: History, Encryption Keys, remaining count: 0
2026-06-26 19:57:43.318: [INFO][Sync]     Configuration completed, state: 7
2026-06-26 19:57:43.323: [INFO][Sync] Configured DataTypeManager: Ok
2026-06-26 19:57:43.343: [INFO][SyncEngineBackend::DoStartSyncing] Start syncing
2026-06-26 20:11:49.945: [INFO][Sync] Reset engine, reason: 0
2026-06-26 20:11:49.945: [INFO][Sync] Reset engine with reason: 0
2026-06-26 20:13:45.790: [INFO][Sync] SyncState after authenticated was: FeatureCanStart
2026-06-26 20:13:56.109: [INFO][Sync] Try to start sync engine
2026-06-26 20:13:56.114: [INFO][SyncManagerImpl::NudgeForInitialDownload] Initial download nudge for Encryption Keys
2026-06-26 20:13:56.114: [INFO][SyncEngineBackend::LoadAndConnectNigoriController] Load and connect Nigori controller
2026-06-26 20:13:56.114: [INFO][SyncEngineBackend::DoInitialize] Control Types added: Encryption Keys
2026-06-26 20:13:56.114: [INFO][SyncManagerImpl::ConfigureSyncer] Types to download: Encryption Keys with reason: 3
2026-06-26 20:13:56.114: [INFO][SyncSchedulerImpl::DoConfigurationSyncCycleJob] Configure job was blocked
2026-06-26 20:13:56.129: [INFO][SyncAuthManager::SetLastAuthError] Current auth error: None
2026-06-26 20:13:56.129: [INFO][SyncAuthManager::EdgeLogTokenErrorState] Token error with: None for account type: MSA
2026-06-26 20:13:56.129: [INFO][Sync] Credentials changed for: EdgeSyncScopeNew
2026-06-26 20:14:16.580: [INFO][SyncAuthManager::EdgeLogTokenErrorState] Token error with: Edge auth error: Exceeded max duration. for account type: MSA
2026-06-26 20:14:16.580: [INFO][Sync] Credentials changed for: EdgeSyncKeyDataScope
2026-06-26 20:14:16.580: [INFO][SyncEngineBackend::DoUpdateCredentials] Update credentials
2026-06-26 20:14:16.581: [INFO][SyncSchedulerImpl::DoConfigurationSyncCycleJob] Blocked types:  and types to download: Encryption Keys
2026-06-26 20:14:28.319: [INFO][SyncAuthManager::SetLastAuthError] Current auth error: None
2026-06-26 20:14:28.319: [INFO][SyncAuthManager::EdgeLogTokenErrorState] Token error with: None for account type: MSA
2026-06-26 20:14:28.319: [INFO][Sync] Credentials changed for: EdgeSyncKeyDataScope
2026-06-26 20:14:28.813: [INFO][SyncEngineBackend::DoUpdateKeyDataCredentials] Update key data credentials
2026-06-26 20:14:28.839: [INFO][Sync] Started DataTypeManager configuration, reason: 4
2026-06-26 20:14:28.839: [INFO][Sync] Configuring for: Bookmarks, Preferences, Passwords, Autofill Profiles, Autofill, Extensions, Sessions, Extension settings, History Delete Directives, Device Info, User Consents, Send Tab To Self, Web Apps, History, Saved Tab Group, WebAuthn Credentials, Edge E Drop, Edge Hub App Usage, Edge Wallet, Edge Workspace, Encryption Keys, reason: 4, current state: 0
2026-06-26 20:14:28.839: [WARN][Sync] Crypto error data types: Passwords, Autofill Profiles, Autofill
2026-06-26 20:14:28.839: [INFO][SyncEngineBackend::DoStartConfiguration] Start configuration
2026-06-26 20:14:28.846: [INFO][Sync] Configure, desired: Bookmarks, Preferences, Extensions, Sessions, Extension settings, History Delete Directives, Device Info, User Consents, Send Tab To Self, Web Apps, History, Saved Tab Group, WebAuthn Credentials, Edge E Drop, Edge Hub App Usage, Edge Wallet, Edge Workspace, Encryption Keys; Allow fail: Passwords, Autofill Profiles, Autofill
2026-06-26 20:14:28.846: [INFO][Sync] Loading: Bookmarks
2026-06-26 20:14:28.846: [INFO][Sync] Loading: Preferences
2026-06-26 20:14:28.846: [INFO][Sync] Loading: Extensions
2026-06-26 20:14:28.846: [INFO][Sync] Loading: Sessions
2026-06-26 20:14:28.846: [INFO][Sync] Loading: Extension settings
2026-06-26 20:14:28.846: [INFO][Sync] Loading: History Delete Directives
2026-06-26 20:14:28.846: [INFO][Sync] Loading: Device Info
2026-06-26 20:14:28.846: [INFO][Sync] Loading: User Consents
2026-06-26 20:14:28.846: [INFO][Sync] Loading: Send Tab To Self
2026-06-26 20:14:28.846: [INFO][Sync] Loading: Web Apps
2026-06-26 20:14:28.846: [INFO][Sync] Loading: History
2026-06-26 20:14:28.846: [INFO][Sync] Loading: Saved Tab Group
2026-06-26 20:14:28.846: [INFO][Sync] Loading: WebAuthn Credentials
2026-06-26 20:14:28.846: [INFO][Sync] Loading: Edge E Drop
2026-06-26 20:14:28.846: [INFO][Sync] Loading: Edge Hub App Usage
2026-06-26 20:14:28.846: [INFO][Sync] Loading: Edge Wallet
2026-06-26 20:14:28.846: [INFO][Sync] Loading: Edge Workspace
2026-06-26 20:14:28.860: [INFO][Sync] All data types are ready for configure.
2026-06-26 20:14:28.860: [INFO][SyncManagerImpl::ConfigureSyncer] Types to download:  with reason: 4
2026-06-26 20:14:28.860: [INFO][SyncEngineBackend::DoFinishConfigureDataTypes] Failed to download types:  and succeeded types: 
2026-06-26 20:14:28.860: [INFO][Sync] ConfigurationDone, failed: , succeeded: , remaining count: 4
2026-06-26 20:14:28.860: [INFO][SyncManagerImpl::ConfigureSyncer] Types to download:  with reason: 4
2026-06-26 20:14:28.860: [INFO][SyncEngineBackend::DoFinishConfigureDataTypes] Failed to download types:  and succeeded types: 
2026-06-26 20:14:28.860: [INFO][Sync] ConfigurationDone, failed: , succeeded: , remaining count: 3
2026-06-26 20:14:28.860: [INFO][SyncManagerImpl::ConfigureSyncer] Types to download:  with reason: 4
2026-06-26 20:14:28.860: [INFO][SyncEngineBackend::DoFinishConfigureDataTypes] Failed to download types:  and succeeded types: 
2026-06-26 20:14:28.860: [INFO][Sync] ConfigurationDone, failed: , succeeded: , remaining count: 2
2026-06-26 20:14:28.860: [INFO][SyncManagerImpl::ConfigureSyncer] Types to download:  with reason: 4
2026-06-26 20:14:28.860: [INFO][SyncEngineBackend::DoFinishConfigureDataTypes] Failed to download types:  and succeeded types: 
2026-06-26 20:14:28.861: [INFO][Sync] ConfigurationDone, failed: , succeeded: , remaining count: 1
2026-06-26 20:14:28.871: [INFO][SyncManagerImpl::ConfigureSyncer] Types to download:  with reason: 4
2026-06-26 20:14:28.871: [INFO][SyncEngineBackend::DoFinishConfigureDataTypes] Failed to download types:  and succeeded types: 
2026-06-26 20:14:28.871: [INFO][Sync] ConfigurationDone, failed: , succeeded: , remaining count: 0
2026-06-26 20:14:28.878: [INFO][Sync]     Configuration completed, state: 3
2026-06-26 20:14:28.879: [INFO][Sync] Configured DataTypeManager: Ok
2026-06-26 20:14:28.885: [INFO][SyncEngineBackend::DoStartSyncing] Start syncing
2026-06-26 20:14:30.161: [INFO][Sync] Started DataTypeManager configuration, reason: 5
2026-06-26 20:14:30.161: [INFO][Sync] Configuring for: Bookmarks, Preferences, Passwords, Autofill Profiles, Autofill, Extensions, Sessions, Extension settings, History Delete Directives, Device Info, User Consents, Send Tab To Self, Web Apps, History, Saved Tab Group, WebAuthn Credentials, Edge E Drop, Edge Hub App Usage, Edge Wallet, Edge Workspace, Encryption Keys, reason: 5, current state: 3
2026-06-26 20:14:30.167: [INFO][SyncEngineBackend::DoStartConfiguration] Start configuration
2026-06-26 20:14:30.174: [INFO][Sync] Configure, desired: Bookmarks, Preferences, Passwords, Autofill Profiles, Autofill, Extensions, Sessions, Extension settings, History Delete Directives, Device Info, User Consents, Send Tab To Self, Web Apps, History, Saved Tab Group, WebAuthn Credentials, Edge E Drop, Edge Hub App Usage, Edge Wallet, Edge Workspace, Encryption Keys; Allow fail: 
2026-06-26 20:14:30.174: [INFO][Sync] Loading: Passwords
2026-06-26 20:14:30.174: [INFO][Sync] Loading: Autofill Profiles
2026-06-26 20:14:30.174: [INFO][Sync] Loading: Autofill
2026-06-26 20:14:30.187: [INFO][Sync] All data types are ready for configure.
2026-06-26 20:14:30.187: [INFO][SyncManagerImpl::NudgeForInitialDownload] Initial download nudge for Passwords
2026-06-26 20:14:30.187: [INFO][SyncManagerImpl::ConfigureSyncer] Types to download:  with reason: 5
2026-06-26 20:14:30.187: [INFO][SyncEngineBackend::DoFinishConfigureDataTypes] Failed to download types:  and succeeded types: 
2026-06-26 20:14:30.195: [INFO][Sync] ConfigurationDone, failed: , succeeded: , remaining count: 4
2026-06-26 20:14:30.195: [INFO][Sync] Prepare to configure types: Passwords, Encryption Keys
2026-06-26 20:14:30.195: [INFO][SyncManagerImpl::ConfigureSyncer] Types to download: Passwords, Encryption Keys with reason: 5
2026-06-26 20:14:30.195: [INFO][SyncSchedulerImpl::DoConfigurationSyncCycleJob] Blocked types:  and types to download: Passwords, Encryption Keys
2026-06-26 20:14:31.048: [INFO][SyncEngineBackend::DoFinishConfigureDataTypes] Failed to download types:  and succeeded types: Passwords, Encryption Keys
2026-06-26 20:14:31.056: [INFO][Sync] ConfigurationDone, failed: , succeeded: Passwords, Encryption Keys, remaining count: 3
2026-06-26 20:14:31.056: [INFO][SyncManagerImpl::ConfigureSyncer] Types to download:  with reason: 5
2026-06-26 20:14:31.056: [INFO][SyncEngineBackend::DoFinishConfigureDataTypes] Failed to download types:  and succeeded types: 
2026-06-26 20:14:31.056: [INFO][Sync] ConfigurationDone, failed: , succeeded: , remaining count: 2
2026-06-26 20:14:31.056: [INFO][SyncManagerImpl::ConfigureSyncer] Types to download:  with reason: 5
2026-06-26 20:14:31.056: [INFO][SyncEngineBackend::DoFinishConfigureDataTypes] Failed to download types:  and succeeded types: 
2026-06-26 20:14:31.060: [INFO][Sync] ConfigurationDone, failed: , succeeded: , remaining count: 1
2026-06-26 20:14:31.068: [INFO][SyncManagerImpl::ConfigureSyncer] Types to download:  with reason: 5
2026-06-26 20:14:31.068: [INFO][SyncEngineBackend::DoFinishConfigureDataTypes] Failed to download types:  and succeeded types: 
2026-06-26 20:14:31.068: [INFO][Sync] ConfigurationDone, failed: , succeeded: , remaining count: 0
2026-06-26 20:14:31.075: [INFO][Sync]     Configuration completed, state: 3
2026-06-26 20:14:31.076: [INFO][Sync] Configured DataTypeManager: Ok
2026-06-26 20:14:31.083: [INFO][SyncEngineBackend::DoStartSyncing] Start syncing
2026-06-26 20:24:05.809: [INFO][Sync] Reset engine, reason: 0
2026-06-26 20:26:13.125: [INFO][Sync] Reset engine, reason: 8
2026-06-26 20:26:13.125: [INFO][Sync] Stopped: Bookmarks
2026-06-26 20:26:13.125: [INFO][Sync] Stopped: Preferences
2026-06-26 20:26:13.125: [INFO][Sync] Stopped: Passwords
2026-06-26 20:26:13.125: [INFO][Sync] Stopped: Autofill Profiles
2026-06-26 20:26:13.125: [INFO][Sync] Stopped: Autofill
2026-06-26 20:26:13.125: [INFO][Sync] Stopped: Extensions
2026-06-26 20:26:13.125: [INFO][Sync] Stopped: Sessions
2026-06-26 20:26:13.125: [INFO][Sync] Stopped: Extension settings
2026-06-26 20:26:13.125: [INFO][Sync] Stopped: History Delete Directives
2026-06-26 20:26:13.125: [INFO][Sync] Stopped: Device Info
2026-06-26 20:26:13.125: [INFO][Sync] Stopped: User Consents
2026-06-26 20:26:13.125: [INFO][Sync] Stopped: Send Tab To Self
2026-06-26 20:26:13.125: [INFO][Sync] Stopped: Web Apps
2026-06-26 20:26:13.125: [INFO][Sync] Stopped: History
2026-06-26 20:26:13.125: [INFO][Sync] Stopped: Saved Tab Group
2026-06-26 20:26:13.125: [INFO][Sync] Stopped: WebAuthn Credentials
2026-06-26 20:26:13.125: [INFO][Sync] Stopped: Edge E Drop
2026-06-26 20:26:13.125: [INFO][Sync] Stopped: Edge Hub App Usage
2026-06-26 20:26:13.125: [INFO][Sync] Stopped: Edge Journey
2026-06-26 20:26:13.125: [INFO][Sync] Stopped: Edge Wallet
2026-06-26 20:26:13.125: [INFO][Sync] Stopped: Edge Workspace
2026-06-26 20:26:13.126: [INFO][Sync] SyncState after authenticated was: NotSignedIn
2026-06-26 20:26:13.972: [INFO][Sync] Reset engine, reason: 8
2026-06-26 20:26:13.972: [INFO][Sync] Stopped: Bookmarks
2026-06-26 20:26:13.972: [INFO][Sync] Stopped: Preferences
2026-06-26 20:26:13.972: [INFO][Sync] Stopped: Passwords
2026-06-26 20:26:13.972: [INFO][Sync] Stopped: Autofill Profiles
2026-06-26 20:26:13.972: [INFO][Sync] Stopped: Autofill
2026-06-26 20:26:13.972: [INFO][Sync] Stopped: Extensions
2026-06-26 20:26:13.972: [INFO][Sync] Stopped: Sessions
2026-06-26 20:26:13.972: [INFO][Sync] Stopped: Extension settings
2026-06-26 20:26:13.972: [INFO][Sync] Stopped: History Delete Directives
2026-06-26 20:26:13.972: [INFO][Sync] Stopped: Device Info
2026-06-26 20:26:13.972: [INFO][Sync] Stopped: User Consents
2026-06-26 20:26:13.972: [INFO][Sync] Stopped: Send Tab To Self
2026-06-26 20:26:13.972: [INFO][Sync] Stopped: Web Apps
2026-06-26 20:26:13.972: [INFO][Sync] Stopped: History
2026-06-26 20:26:13.972: [INFO][Sync] Stopped: Saved Tab Group
2026-06-26 20:26:13.972: [INFO][Sync] Stopped: WebAuthn Credentials
2026-06-26 20:26:13.972: [INFO][Sync] Stopped: Edge E Drop
2026-06-26 20:26:13.972: [INFO][Sync] Stopped: Edge Hub App Usage
2026-06-26 20:26:13.972: [INFO][Sync] Stopped: Edge Journey
2026-06-26 20:26:13.972: [INFO][Sync] Stopped: Edge Wallet
2026-06-26 20:26:13.972: [INFO][Sync] Stopped: Edge Workspace
2026-06-26 20:26:30.870: [INFO][Sync] Try to start sync engine
2026-06-26 20:26:30.873: [INFO][SyncManagerImpl::NudgeForInitialDownload] Initial download nudge for Encryption Keys
2026-06-26 20:26:30.873: [INFO][SyncEngineBackend::LoadAndConnectNigoriController] Load and connect Nigori controller
2026-06-26 20:26:30.873: [INFO][SyncEngineBackend::DoInitialize] Control Types added: Encryption Keys
2026-06-26 20:26:30.873: [INFO][SyncManagerImpl::ConfigureSyncer] Types to download: Encryption Keys with reason: 3
2026-06-26 20:26:30.873: [INFO][SyncSchedulerImpl::DoConfigurationSyncCycleJob] Configure job was blocked
2026-06-26 20:26:30.968: [INFO][SyncAuthManager::SetLastAuthError] Current auth error: None
2026-06-26 20:26:30.968: [INFO][SyncAuthManager::EdgeLogTokenErrorState] Token error with: None for account type: MSA
2026-06-26 20:26:30.968: [INFO][Sync] Credentials changed for: EdgeSyncScopeNew
2026-06-26 20:26:31.774: [INFO][SyncAuthManager::SetLastAuthError] Current auth error: None
2026-06-26 20:26:31.774: [INFO][SyncAuthManager::EdgeLogTokenErrorState] Token error with: None for account type: MSA
2026-06-26 20:26:31.774: [INFO][Sync] Credentials changed for: EdgeSyncKeyDataScope
2026-06-26 20:26:31.774: [INFO][SyncEngineBackend::DoUpdateKeyDataCredentials] Update key data credentials
2026-06-26 20:26:31.774: [INFO][SyncEngineBackend::DoUpdateCredentials] Update credentials
2026-06-26 20:26:31.774: [INFO][SyncSchedulerImpl::DoConfigurationSyncCycleJob] Blocked types:  and types to download: Encryption Keys
2026-06-26 20:26:32.362: [INFO][Sync] Started DataTypeManager configuration, reason: 4
2026-06-26 20:26:32.362: [INFO][Sync] Configuring for: Bookmarks, Preferences, Passwords, Autofill Profiles, Autofill, Extensions, Sessions, Extension settings, History Delete Directives, Device Info, User Consents, Send Tab To Self, Web Apps, History, Saved Tab Group, WebAuthn Credentials, Edge E Drop, Edge Hub App Usage, Edge Wallet, Edge Workspace, Encryption Keys, reason: 4, current state: 0
2026-06-26 20:26:32.362: [WARN][Sync] Crypto error data types: Passwords, Autofill Profiles, Autofill
2026-06-26 20:26:32.374: [INFO][Sync] Configure, desired: Bookmarks, Preferences, Extensions, Sessions, Extension settings, History Delete Directives, Device Info, User Consents, Send Tab To Self, Web Apps, History, Saved Tab Group, WebAuthn Credentials, Edge E Drop, Edge Hub App Usage, Edge Wallet, Edge Workspace, Encryption Keys; Allow fail: Passwords, Autofill Profiles, Autofill
2026-06-26 20:26:32.374: [INFO][Sync] Loading: Bookmarks
2026-06-26 20:26:32.374: [INFO][Sync] Loading: Preferences
2026-06-26 20:26:32.374: [INFO][Sync] Loading: Extensions
2026-06-26 20:26:32.374: [INFO][Sync] Loading: Sessions
2026-06-26 20:26:32.374: [INFO][Sync] Loading: Extension settings
2026-06-26 20:26:32.374: [INFO][Sync] Loading: History Delete Directives
2026-06-26 20:26:32.374: [INFO][Sync] Loading: Device Info
2026-06-26 20:26:32.374: [INFO][Sync] Loading: User Consents
2026-06-26 20:26:32.374: [INFO][Sync] Loading: Send Tab To Self
2026-06-26 20:26:32.374: [INFO][Sync] Loading: Web Apps
2026-06-26 20:26:32.374: [INFO][Sync] Loading: History
2026-06-26 20:26:32.374: [INFO][Sync] Loading: Saved Tab Group
2026-06-26 20:26:32.374: [INFO][Sync] Loading: WebAuthn Credentials
2026-06-26 20:26:32.374: [INFO][Sync] Loading: Edge E Drop
2026-06-26 20:26:32.374: [INFO][Sync] Loading: Edge Hub App Usage
2026-06-26 20:26:32.374: [INFO][Sync] Loading: Edge Wallet
2026-06-26 20:26:32.374: [INFO][Sync] Loading: Edge Workspace
2026-06-26 20:26:32.405: [INFO][Sync] All data types are ready for configure.
2026-06-26 20:26:33.064: [INFO][Sync] Started DataTypeManager configuration, reason: 5
2026-06-26 20:26:33.064: [INFO][Sync] Configuring for: Bookmarks, Preferences, Passwords, Autofill Profiles, Autofill, Extensions, Sessions, Extension settings, History Delete Directives, Device Info, User Consents, Send Tab To Self, Web Apps, History, Saved Tab Group, WebAuthn Credentials, Edge E Drop, Edge Hub App Usage, Edge Wallet, Edge Workspace, Encryption Keys, reason: 5, current state: 1
2026-06-26 20:26:33.068: [INFO][SyncEngineBackend::DoStartConfiguration] Start configuration
2026-06-26 20:26:33.068: [INFO][SyncManagerImpl::NudgeForInitialDownload] Initial download nudge for Bookmarks
2026-06-26 20:26:33.068: [INFO][SyncManagerImpl::NudgeForInitialDownload] Initial download nudge for Preferences
2026-06-26 20:26:33.068: [INFO][SyncManagerImpl::NudgeForInitialDownload] Initial download nudge for Extensions
2026-06-26 20:26:33.068: [INFO][SyncManagerImpl::NudgeForInitialDownload] Initial download nudge for Sessions
2026-06-26 20:26:33.068: [INFO][SyncManagerImpl::NudgeForInitialDownload] Initial download nudge for Extension settings
2026-06-26 20:26:33.068: [INFO][SyncManagerImpl::NudgeForInitialDownload] Initial download nudge for History Delete Directives
2026-06-26 20:26:33.068: [INFO][SyncManagerImpl::NudgeForInitialDownload] Initial download nudge for Device Info
2026-06-26 20:26:33.068: [INFO][SyncManagerImpl::NudgeForInitialDownload] Initial download nudge for Send Tab To Self
2026-06-26 20:26:33.068: [INFO][SyncManagerImpl::NudgeForInitialDownload] Initial download nudge for Web Apps
2026-06-26 20:26:33.068: [INFO][SyncManagerImpl::NudgeForInitialDownload] Initial download nudge for History
2026-06-26 20:26:33.068: [INFO][SyncManagerImpl::NudgeForInitialDownload] Initial download nudge for Saved Tab Group
2026-06-26 20:26:33.068: [INFO][SyncManagerImpl::NudgeForInitialDownload] Initial download nudge for WebAuthn Credentials
2026-06-26 20:26:33.068: [INFO][SyncManagerImpl::NudgeForInitialDownload] Initial download nudge for Edge E Drop
2026-06-26 20:26:33.068: [INFO][SyncManagerImpl::NudgeForInitialDownload] Initial download nudge for Edge Hub App Usage
2026-06-26 20:26:33.068: [INFO][SyncManagerImpl::NudgeForInitialDownload] Initial download nudge for Edge Wallet
2026-06-26 20:26:33.068: [INFO][SyncManagerImpl::NudgeForInitialDownload] Initial download nudge for Edge Workspace
2026-06-26 20:26:33.068: [INFO][SyncManagerImpl::ConfigureSyncer] Types to download:  with reason: 4
2026-06-26 20:26:33.068: [INFO][SyncEngineBackend::DoFinishConfigureDataTypes] Failed to download types:  and succeeded types: 
2026-06-26 20:26:33.074: [INFO][Sync] ConfigurationDone, failed: , succeeded: , remaining count: 4
2026-06-26 20:26:33.074: [WARN][Sync]     Reconfigure requested while configuration ongoing.
2026-06-26 20:26:33.074: [INFO][Sync] Configuring for: Bookmarks, Preferences, Passwords, Autofill Profiles, Autofill, Extensions, Sessions, Extension settings, History Delete Directives, Device Info, User Consents, Send Tab To Self, Web Apps, History, Saved Tab Group, WebAuthn Credentials, Edge E Drop, Edge Hub App Usage, Edge Wallet, Edge Workspace, Encryption Keys, reason: 5, current state: 2
2026-06-26 20:26:33.074: [INFO][Sync] Configure, desired: Bookmarks, Preferences, Passwords, Autofill Profiles, Autofill, Extensions, Sessions, Extension settings, History Delete Directives, Device Info, User Consents, Send Tab To Self, Web Apps, History, Saved Tab Group, WebAuthn Credentials, Edge E Drop, Edge Hub App Usage, Edge Wallet, Edge Workspace, Encryption Keys; Allow fail: 
2026-06-26 20:26:33.074: [INFO][Sync] Loading: Passwords
2026-06-26 20:26:33.074: [INFO][Sync] Loading: Autofill Profiles
2026-06-26 20:26:33.074: [INFO][Sync] Loading: Autofill
2026-06-26 20:26:33.088: [INFO][Sync] All data types are ready for configure.
2026-06-26 20:26:33.088: [INFO][SyncManagerImpl::NudgeForInitialDownload] Initial download nudge for Passwords
2026-06-26 20:26:33.089: [INFO][SyncManagerImpl::NudgeForInitialDownload] Initial download nudge for Autofill Profiles
2026-06-26 20:26:33.089: [INFO][SyncManagerImpl::NudgeForInitialDownload] Initial download nudge for Autofill
2026-06-26 20:26:33.089: [INFO][SyncManagerImpl::ConfigureSyncer] Types to download:  with reason: 5
2026-06-26 20:26:33.089: [INFO][SyncEngineBackend::DoFinishConfigureDataTypes] Failed to download types:  and succeeded types: 
2026-06-26 20:26:33.089: [INFO][Sync] ConfigurationDone, failed: , succeeded: , remaining count: 4
2026-06-26 20:26:33.089: [INFO][Sync] Prepare to configure types: Preferences, Passwords, Device Info, Send Tab To Self, Edge E Drop, Encryption Keys
2026-06-26 20:26:33.089: [INFO][SyncManagerImpl::ConfigureSyncer] Types to download: Preferences, Passwords, Device Info, Send Tab To Self, Edge E Drop, Encryption Keys with reason: 5
2026-06-26 20:26:33.089: [INFO][SyncSchedulerImpl::DoConfigurationSyncCycleJob] Blocked types:  and types to download: Preferences, Passwords, Device Info, Send Tab To Self, Edge E Drop, Encryption Keys
2026-06-26 20:26:33.452: [INFO][SyncEngineBackend::DoFinishConfigureDataTypes] Failed to download types:  and succeeded types: Preferences, Passwords, Device Info, Send Tab To Self, Edge E Drop, Encryption Keys
2026-06-26 20:26:33.467: [INFO][Sync] ConfigurationDone, failed: , succeeded: Preferences, Passwords, Device Info, Send Tab To Self, Edge E Drop, Encryption Keys, remaining count: 3
2026-06-26 20:26:33.467: [INFO][Sync] Prepare to configure types: Bookmarks, Encryption Keys
2026-06-26 20:26:33.467: [INFO][SyncManagerImpl::ConfigureSyncer] Types to download: Bookmarks, Encryption Keys with reason: 5
2026-06-26 20:26:33.467: [INFO][SyncSchedulerImpl::DoConfigurationSyncCycleJob] Blocked types:  and types to download: Bookmarks, Encryption Keys
2026-06-26 20:26:33.661: [INFO][SyncEngineBackend::DoFinishConfigureDataTypes] Failed to download types:  and succeeded types: Bookmarks, Encryption Keys
2026-06-26 20:26:33.672: [INFO][Sync] ConfigurationDone, failed: , succeeded: Bookmarks, Encryption Keys, remaining count: 2
2026-06-26 20:26:33.673: [INFO][Sync] Prepare to configure types: Autofill Profiles, Autofill, Extensions, Sessions, Extension settings, History Delete Directives, Web Apps, Saved Tab Group, WebAuthn Credentials, Edge Hub App Usage, Edge Wallet, Edge Workspace, Encryption Keys
2026-06-26 20:26:33.673: [INFO][SyncManagerImpl::ConfigureSyncer] Types to download: Autofill Profiles, Autofill, Extensions, Sessions, Extension settings, History Delete Directives, Web Apps, Saved Tab Group, WebAuthn Credentials, Edge Hub App Usage, Edge Wallet, Edge Workspace, Encryption Keys with reason: 5
2026-06-26 20:26:33.673: [INFO][SyncSchedulerImpl::DoConfigurationSyncCycleJob] Blocked types:  and types to download: Autofill Profiles, Autofill, Extensions, Sessions, Extension settings, History Delete Directives, Web Apps, Saved Tab Group, WebAuthn Credentials, Edge Hub App Usage, Edge Wallet, Edge Workspace, Encryption Keys
2026-06-26 20:26:34.760: [INFO][SyncEngineBackend::DoFinishConfigureDataTypes] Failed to download types:  and succeeded types: Autofill Profiles, Autofill, Extensions, Sessions, Extension settings, History Delete Directives, Web Apps, Saved Tab Group, WebAuthn Credentials, Edge Hub App Usage, Edge Wallet, Edge Workspace, Encryption Keys
2026-06-26 20:26:34.776: [INFO][Sync] ConfigurationDone, failed: , succeeded: Autofill Profiles, Autofill, Extensions, Sessions, Extension settings, History Delete Directives, Web Apps, Saved Tab Group, WebAuthn Credentials, Edge Hub App Usage, Edge Wallet, Edge Workspace, Encryption Keys, remaining count: 1
2026-06-26 20:26:34.789: [INFO][Sync] Prepare to configure types: History, Encryption Keys
2026-06-26 20:26:34.789: [INFO][SyncManagerImpl::ConfigureSyncer] Types to download: History, Encryption Keys with reason: 5
2026-06-26 20:26:34.789: [INFO][SyncSchedulerImpl::DoConfigurationSyncCycleJob] Blocked types:  and types to download: History, Encryption Keys
2026-06-26 20:26:48.755: [INFO][SyncEngineBackend::DoFinishConfigureDataTypes] Failed to download types:  and succeeded types: History, Encryption Keys
2026-06-26 20:26:48.770: [INFO][Sync] ConfigurationDone, failed: , succeeded: History, Encryption Keys, remaining count: 0
2026-06-26 20:26:48.780: [INFO][Sync]     Configuration completed, state: 7
2026-06-26 20:26:48.781: [INFO][Sync] Configured DataTypeManager: Ok
2026-06-26 20:26:48.791: [INFO][SyncEngineBackend::DoStartSyncing] Start syncing
2026-06-26 21:03:54.760: [INFO][Sync] Reset engine, reason: 0
2026-06-26 21:03:54.760: [INFO][Sync] Reset engine with reason: 0
2026-06-26 21:05:01.214: [INFO][Sync] SyncState after authenticated was: FeatureCanStart
2026-06-26 21:05:11.420: [INFO][Sync] Try to start sync engine
2026-06-26 21:05:11.683: [INFO][SyncAuthManager::SetLastAuthError] Current auth error: None
2026-06-26 21:05:11.684: [INFO][SyncAuthManager::EdgeLogTokenErrorState] Token error with: None for account type: MSA
2026-06-26 21:05:11.752: [INFO][Sync] Credentials changed for: EdgeSyncScopeNew
2026-06-26 21:05:12.309: [INFO][SyncManagerImpl::NudgeForInitialDownload] Initial download nudge for Encryption Keys
2026-06-26 21:05:12.309: [INFO][SyncEngineBackend::LoadAndConnectNigoriController] Load and connect Nigori controller
2026-06-26 21:05:12.331: [INFO][SyncEngineBackend::DoInitialize] Control Types added: Encryption Keys
2026-06-26 21:05:12.331: [INFO][SyncManagerImpl::ConfigureSyncer] Types to download: Encryption Keys with reason: 3
2026-06-26 21:05:12.388: [INFO][SyncSchedulerImpl::DoConfigurationSyncCycleJob] Configure job was blocked
2026-06-26 21:05:31.635: [INFO][SyncAuthManager::EdgeLogTokenErrorState] Token error with: Edge auth error: Exceeded max duration. for account type: MSA
2026-06-26 21:05:31.635: [INFO][Sync] Credentials changed for: EdgeSyncKeyDataScope
2026-06-26 21:05:31.661: [INFO][SyncEngineBackend::DoUpdateCredentials] Update credentials
2026-06-26 21:05:31.699: [INFO][SyncSchedulerImpl::DoConfigurationSyncCycleJob] Blocked types:  and types to download: Encryption Keys
2026-06-26 21:05:47.080: [INFO][SyncSchedulerImpl::OnSyncNetworkError] Syncer error: Network error (ERR_NAME_NOT_RESOLVED)
2026-06-26 21:05:47.080: [INFO][SyncSchedulerImpl::DoConfigurationSyncCycleJob] Syncer error: Network error (ERR_NAME_NOT_RESOLVED)
2026-06-26 21:05:47.086: [WARN][Sync] NetworkError: Network error (ERR_NAME_NOT_RESOLVED)
2026-06-26 21:05:48.586: [INFO][SyncSchedulerImpl::DoConfigurationSyncCycleJob] Blocked types:  and types to download: Encryption Keys
2026-06-26 21:05:51.840: [INFO][SyncAuthManager::EdgeLogTokenErrorState] Token error with: EDGE_AUTH_ERROR: 3, 25, a2b for account type: MSA
2026-06-26 21:05:51.840: [INFO][Sync] Credentials changed for: EdgeSyncKeyDataScope
2026-06-26 21:06:05.382: [INFO][SyncSchedulerImpl::OnSyncNetworkError] Syncer error: Network error (ERR_NAME_NOT_RESOLVED)
2026-06-26 21:06:05.382: [INFO][SyncSchedulerImpl::DoConfigurationSyncCycleJob] Syncer error: Network error (ERR_NAME_NOT_RESOLVED)
2026-06-26 21:06:05.387: [WARN][Sync] NetworkError: Network error (ERR_NAME_NOT_RESOLVED)
2026-06-26 21:06:07.638: [INFO][SyncSchedulerImpl::DoConfigurationSyncCycleJob] Blocked types:  and types to download: Encryption Keys
2026-06-26 21:06:13.633: [INFO][SyncAuthManager::EdgeLogTokenErrorState] Token error with: EDGE_AUTH_ERROR: 3, 25, a2b for account type: MSA
2026-06-26 21:06:13.633: [INFO][Sync] Credentials changed for: EdgeSyncKeyDataScope
2026-06-26 21:06:23.643: [INFO][SyncSchedulerImpl::OnSyncNetworkError] Syncer error: Network error (ERR_NAME_NOT_RESOLVED)
2026-06-26 21:06:23.643: [INFO][SyncSchedulerImpl::DoConfigurationSyncCycleJob] Syncer error: Network error (ERR_NAME_NOT_RESOLVED)
2026-06-26 21:06:23.649: [WARN][Sync] NetworkError: Network error (ERR_NAME_NOT_RESOLVED)
2026-06-26 21:06:29.270: [INFO][SyncSchedulerImpl::DoConfigurationSyncCycleJob] Blocked types:  and types to download: Encryption Keys
2026-06-26 21:06:43.941: [INFO][Sync] Started DataTypeManager configuration, reason: 4
2026-06-26 21:06:43.942: [INFO][Sync] Configuring for: Bookmarks, Preferences, Passwords, Autofill Profiles, Autofill, Extensions, Sessions, Extension settings, History Delete Directives, Device Info, User Consents, Send Tab To Self, Web Apps, History, Saved Tab Group, WebAuthn Credentials, Edge E Drop, Edge Hub App Usage, Edge Wallet, Edge Workspace, Encryption Keys, reason: 4, current state: 0
2026-06-26 21:06:43.942: [WARN][Sync] Crypto error data types: Passwords, Autofill Profiles, Autofill
2026-06-26 21:06:43.942: [INFO][SyncEngineBackend::DoStartConfiguration] Start configuration
2026-06-26 21:06:43.947: [INFO][Sync] Configure, desired: Bookmarks, Preferences, Extensions, Sessions, Extension settings, History Delete Directives, Device Info, User Consents, Send Tab To Self, Web Apps, History, Saved Tab Group, WebAuthn Credentials, Edge E Drop, Edge Hub App Usage, Edge Wallet, Edge Workspace, Encryption Keys; Allow fail: Passwords, Autofill Profiles, Autofill
2026-06-26 21:06:43.947: [INFO][Sync] Loading: Bookmarks
2026-06-26 21:06:43.947: [INFO][Sync] Loading: Preferences
2026-06-26 21:06:43.947: [INFO][Sync] Loading: Extensions
2026-06-26 21:06:43.947: [INFO][Sync] Loading: Sessions
2026-06-26 21:06:43.947: [INFO][Sync] Loading: Extension settings
2026-06-26 21:06:43.947: [INFO][Sync] Loading: History Delete Directives
2026-06-26 21:06:43.947: [INFO][Sync] Loading: Device Info
2026-06-26 21:06:43.947: [INFO][Sync] Loading: User Consents
2026-06-26 21:06:43.947: [INFO][Sync] Loading: Send Tab To Self
2026-06-26 21:06:43.947: [INFO][Sync] Loading: Web Apps
2026-06-26 21:06:43.947: [INFO][Sync] Loading: History
2026-06-26 21:06:43.947: [INFO][Sync] Loading: Saved Tab Group
2026-06-26 21:06:43.947: [INFO][Sync] Loading: WebAuthn Credentials
2026-06-26 21:06:43.947: [INFO][Sync] Loading: Edge E Drop
2026-06-26 21:06:43.947: [INFO][Sync] Loading: Edge Hub App Usage
2026-06-26 21:06:43.947: [INFO][Sync] Loading: Edge Wallet
2026-06-26 21:06:43.947: [INFO][Sync] Loading: Edge Workspace
2026-06-26 21:06:43.963: [INFO][Sync] All data types are ready for configure.
2026-06-26 21:06:43.964: [INFO][SyncManagerImpl::ConfigureSyncer] Types to download:  with reason: 4
2026-06-26 21:06:43.964: [INFO][SyncEngineBackend::DoFinishConfigureDataTypes] Failed to download types:  and succeeded types: 
2026-06-26 21:06:43.964: [INFO][Sync] ConfigurationDone, failed: , succeeded: , remaining count: 4
2026-06-26 21:06:43.964: [INFO][SyncManagerImpl::ConfigureSyncer] Types to download:  with reason: 4
2026-06-26 21:06:43.964: [INFO][SyncEngineBackend::DoFinishConfigureDataTypes] Failed to download types:  and succeeded types: 
2026-06-26 21:06:43.964: [INFO][Sync] ConfigurationDone, failed: , succeeded: , remaining count: 3
2026-06-26 21:06:43.964: [INFO][SyncManagerImpl::ConfigureSyncer] Types to download:  with reason: 4
2026-06-26 21:06:43.964: [INFO][SyncEngineBackend::DoFinishConfigureDataTypes] Failed to download types:  and succeeded types: 
2026-06-26 21:06:43.965: [INFO][Sync] ConfigurationDone, failed: , succeeded: , remaining count: 2
2026-06-26 21:06:43.965: [INFO][SyncManagerImpl::ConfigureSyncer] Types to download:  with reason: 4
2026-06-26 21:06:43.965: [INFO][SyncEngineBackend::DoFinishConfigureDataTypes] Failed to download types:  and succeeded types: 
2026-06-26 21:06:43.965: [INFO][Sync] ConfigurationDone, failed: , succeeded: , remaining count: 1
2026-06-26 21:06:43.971: [INFO][SyncManagerImpl::ConfigureSyncer] Types to download:  with reason: 4
2026-06-26 21:06:43.971: [INFO][SyncEngineBackend::DoFinishConfigureDataTypes] Failed to download types:  and succeeded types: 
2026-06-26 21:06:43.971: [INFO][Sync] ConfigurationDone, failed: , succeeded: , remaining count: 0
2026-06-26 21:06:43.976: [INFO][Sync]     Configuration completed, state: 3
2026-06-26 21:06:43.977: [INFO][Sync] Configured DataTypeManager: Ok
2026-06-26 21:06:43.983: [INFO][SyncEngineBackend::DoStartSyncing] Start syncing
2026-06-26 21:06:47.001: [INFO][SyncAuthManager::EdgeLogTokenErrorState] Token error with: Edge auth error: Exceeded max duration. for account type: MSA
2026-06-26 21:06:47.001: [INFO][Sync] Credentials changed for: EdgeSyncKeyDataScope
2026-06-26 21:06:47.038: [INFO][SyncAuthManager::SetLastAuthError] Current auth error: None
2026-06-26 21:06:47.038: [INFO][SyncAuthManager::EdgeLogTokenErrorState] Token error with: None for account type: MSA
2026-06-26 21:06:47.038: [INFO][Sync] Credentials changed for: EdgeSyncKeyDataScope
2026-06-26 21:06:47.038: [INFO][SyncEngineBackend::DoUpdateKeyDataCredentials] Update key data credentials
2026-06-26 21:06:51.511: [INFO][Sync] Started DataTypeManager configuration, reason: 5
2026-06-26 21:06:51.511: [INFO][Sync] Configuring for: Bookmarks, Preferences, Passwords, Autofill Profiles, Autofill, Extensions, Sessions, Extension settings, History Delete Directives, Device Info, User Consents, Send Tab To Self, Web Apps, History, Saved Tab Group, WebAuthn Credentials, Edge E Drop, Edge Hub App Usage, Edge Wallet, Edge Workspace, Encryption Keys, reason: 5, current state: 3
2026-06-26 21:06:51.514: [INFO][SyncEngineBackend::DoStartConfiguration] Start configuration
2026-06-26 21:06:51.516: [INFO][Sync] Configure, desired: Bookmarks, Preferences, Passwords, Autofill Profiles, Autofill, Extensions, Sessions, Extension settings, History Delete Directives, Device Info, User Consents, Send Tab To Self, Web Apps, History, Saved Tab Group, WebAuthn Credentials, Edge E Drop, Edge Hub App Usage, Edge Wallet, Edge Workspace, Encryption Keys; Allow fail: 
2026-06-26 21:06:51.516: [INFO][Sync] Loading: Passwords
2026-06-26 21:06:51.516: [INFO][Sync] Loading: Autofill Profiles
2026-06-26 21:06:51.516: [INFO][Sync] Loading: Autofill
2026-06-26 21:06:51.521: [INFO][Sync] All data types are ready for configure.
2026-06-26 21:06:51.521: [INFO][SyncManagerImpl::NudgeForInitialDownload] Initial download nudge for Passwords
2026-06-26 21:06:51.521: [INFO][SyncManagerImpl::ConfigureSyncer] Types to download:  with reason: 5
2026-06-26 21:06:51.521: [INFO][SyncEngineBackend::DoFinishConfigureDataTypes] Failed to download types:  and succeeded types: 
2026-06-26 21:06:51.525: [INFO][Sync] ConfigurationDone, failed: , succeeded: , remaining count: 4
2026-06-26 21:06:51.525: [INFO][Sync] Prepare to configure types: Passwords, Encryption Keys
2026-06-26 21:06:51.525: [INFO][SyncManagerImpl::ConfigureSyncer] Types to download: Passwords, Encryption Keys with reason: 5
2026-06-26 21:06:51.525: [INFO][SyncSchedulerImpl::DoConfigurationSyncCycleJob] Blocked types:  and types to download: Passwords, Encryption Keys
2026-06-26 21:06:53.391: [INFO][SyncEngineBackend::DoFinishConfigureDataTypes] Failed to download types:  and succeeded types: Passwords, Encryption Keys
2026-06-26 21:06:53.398: [INFO][Sync] ConfigurationDone, failed: , succeeded: Passwords, Encryption Keys, remaining count: 3
2026-06-26 21:06:53.398: [INFO][SyncManagerImpl::ConfigureSyncer] Types to download:  with reason: 5
2026-06-26 21:06:53.398: [INFO][SyncEngineBackend::DoFinishConfigureDataTypes] Failed to download types:  and succeeded types: 
2026-06-26 21:06:53.402: [INFO][Sync] ConfigurationDone, failed: , succeeded: , remaining count: 2
2026-06-26 21:06:53.402: [INFO][SyncManagerImpl::ConfigureSyncer] Types to download:  with reason: 5
2026-06-26 21:06:53.402: [INFO][SyncEngineBackend::DoFinishConfigureDataTypes] Failed to download types:  and succeeded types: 
2026-06-26 21:06:53.402: [INFO][Sync] ConfigurationDone, failed: , succeeded: , remaining count: 1
2026-06-26 21:06:53.408: [INFO][SyncManagerImpl::ConfigureSyncer] Types to download:  with reason: 5
2026-06-26 21:06:53.408: [INFO][SyncEngineBackend::DoFinishConfigureDataTypes] Failed to download types:  and succeeded types: 
2026-06-26 21:06:53.409: [INFO][Sync] ConfigurationDone, failed: , succeeded: , remaining count: 0
2026-06-26 21:06:53.414: [INFO][Sync]     Configuration completed, state: 3
2026-06-26 21:06:53.414: [INFO][Sync] Configured DataTypeManager: Ok
2026-06-26 21:06:53.419: [INFO][SyncEngineBackend::DoStartSyncing] Start syncing
2026-06-26 21:21:57.100: [INFO][Sync] Reset engine, reason: 0
2026-06-26 21:21:57.100: [INFO][Sync] Reset engine with reason: 0
